id,installer_name,profile_pic,address,pincode,City,state,longitude,lattitude,Application Code,Rating Agency,Rating,Category,contact,contact1,mobile,email,fax_no,website,about_installer
1,Aditi Solar Pvt. Ltd.,default-img.png,"Plot No. 17, ALEAP Industrial Estate Gajula Ramaram, Quthbullapur (M) R.R",500090,Hyderabad,Andhra Pradesh,78.44,17.51,Application Code,Rating Agency,Rating,Category,contact,contact1,mobile,email,fax_no,website,about_installer
2,Akshaya Solar Power India,default-img.png,"Plot No. 60/C/E, 1st and 2nd Floors, Phase I, IDA, Jeedimetla",500055,Hyderabad,Andhra Pradesh,78.43,17.52,893,CRISIL,3B,B,040-40064524 /40064523,,,raju@akshayasolar.com,,www.akshayasolar.com,
3,Andromeda Energy Technologies Ltd,default-img.png,"#9-1-18 to 24, No 4 1st Floor, SP Road, Opp Civil Court",500003,Secunderabad,Andhra Pradesh,78.53,17.36,,,,,040-27083147,Fax: 040-66260277,9948333285,knrao@andromedasolar.com,,www.andromedasolar.com,
4,Arunodaya Power Projects Pvt. Ltd.,default-img.png,"H.No. 2-2-1130, Jamalpuram Enclave, flat no. 201, Nallakunta",500004,Hyderabad,Thermax,78.43,17.43,,,,,9346599062,,,,,,
5,Bhagyanagar Energy & Telecom Pvt. Ltd.,default-img.png,"5th Floor, Surya Towers, Sardar Patel Road",500003,Secunderabad,Andhra Pradesh ,78.44,17.45,,,,,040-27845119,Fax: 040-27848851,,,,,
6,Bluefields Energy Pvt. Ltd.,default-img.png,"Plot No. 409, Road No. 81, Phase-3, Jubilee Hills",500033,Hyderabad,Andhra Pradesh,78.4,17.41,,,,,9494948294,,,srujan@nuevo-sol.com,,,
7,Cirus Solar systems,default-img.png,"3rd Floor, Block No. 127/128, Lakeview Plaza, Madhapur",500081,Hyderabad,Andhra Pradesh,78.38,17.43,,,,,8008100139,,,enquiry@cirussolar.com,,www.cirussolar.com,
8,Cyber Motion Technologies Pvt. Ltd.,default-img.png,"#235, Road No. 14, Banjara Hills",500034,Hyderabad,Andhra Pradesh,78.43,17.42,,CRISIL,2B,,040-66666653/54,Fax: 040-66666624,,,,,
9,Digimicro Technologies,default-img.png,"Plot no. 163P & 164, 2nd Floor, Srikrishna Plaza, Mahesh Nagar, Near Radhika Theatre, ECIL",,Hyderabad,Andhra Pradesh,78.47,17.49,,,,,040-40114178,,, raokvk@yahoo.com,,,
10,Fourth Partner Energy,default-img.png,"704, Krishna Apartments, Tilak Road, Abida, Hyderabad 500001",500001,Hyderabad,Andhra Pradesh,78.47,17.39,,,,,040-64631123,,,info@fourthpartner.co,,www.fourthpartner.co,
11,Fourth Partner Energy Pvt. Ltd.,default-img.png,"704, Krishna Apartments, Tilak Road, Abids, Hyderabad-500001",500001,Hyderabad,Andhra Pradesh,78.43,17.4,,,,,040-64631123,,,,,,
12,Greentek India,default-img.png,"Plot No. 8, Lepakshi Colony, West Maredpally",500026,Secunderabad,Andhra Pradesh,78.5,17.45,,,,,9819752339,,,greentek1@gmail.com,,www.greentekindia.co.in,
13,HBL Power Systems Ltd.,default-img.png,"Road No. 10, Banjara Hills",500034,Hyderabad,Andhra Pradesh,78.44,17.42,,CRISIL,1A,,011-22161210,Fax: 011-22160062,,,,,
14,HCD Solar Solutions Pvt. Ltd.,default-img.png,"5th Floor, Vijai Electronics, Rajbhavan Road",500034,Hyderabad,Andhra Pradesh,78.44,17.42,,,,,040-23394959,Fax: 040-23398204,,info@hcdfuture.com,,www.hcdfuture.com,
15,Instruments Techniques Pvt. Ltd.,default-img.png,"B-2, Co-operative Industrial Estate, Balanagar",500037,Hyderabad,Andhra Pradesh,78.48,17.38,,,,,040-23774102,Fax: 040-23774386,,ravi.surapaneni@itlpower.com,,itlpower.com,
16,IntelliDecs Power,default-img.png,"8-2-120/76, Plot No. 89, Road No. 2, Banjara Hills",500034,Hyderabad,Andhra Pradesh,78.43,17.42,,,,,040-45678899,Fax: 040-45678880,,info@intellidecs.com,,www.intellidecs.com,
17,Kohima Energy,default-img.png,"B-87,6-3-1109/G/1, Ground Floor, NavaBharat Chambers, Somajiguda",500082,Hyderabad,Andhra Pradesh,78.45,17.42,,,,,040/64578016,,,solar@kohimaenergy.com,,www.kohimaenergy.com,
18,Meera & Ceiko Pumps (P) Ltd.,default-img.png,"Door no. 4-3-161, 2153/5, Hill Street, Ranigunj",500003,Secunderabad,Andhra Pradesh,78.48,17.43,,,,,Tel: 040-27765793,Fax: 040-27614376,,hyd1_meera@sancharnet.in,,,
19,Nano Bright Solar Technology Pvt. Ltd.,default-img.png,"Plot No. 83, Phase II, IDA Cherlapalli",500051,Hyderabad,Andhra Pradesh,78.59,17.47,,,,,040-64643880-82; ,9849152161,9849152161,venkat@ nanobrightsolar.com,,www.nanobrightsolar.com,
20,Novus Green Energy Systems Pvt. Ltd.,default-img.png,"Suite, 1,2nd Floor, SIDDHI, #100 P&T Colony, Trimulgherry, ",500015,Secunderabad,Andhra Pradesh,78.4,17.44,,,,,0771-6463245,Fax: 0771-2284010,,anshuman@novusgreen.in,,www.novusgreen.in,
21,NSL Renewable Power,default-img.png,"4th Floor, NSL ICON, D. No. 8-2-648/2/A, Road No. 12, Banjara Hills",500034,Hyderabad,Andhra Pradesh,78.43,17.41,,,,,011-30514444,,,info@nsl.com,,www.nslpower.com,
22,Nuevosol Energy Pvt. Ltd.,default-img.png,Jubilee Hills,500033,Hyderabad,Andhra Pradesh,78.4,17.41,,,,,9494948294,,, srujan@nuevo-sol.com,,nuevo-sol.com,
23,Photon Energy Systems Ltd,default-img.png,"Plot No 775-K, Road No 45, Jubilee Hills",500033,Hyderabad,Andhra Pradesh,78.43,17.41,851,CRISIL,1C,A,040-23331337; ,Fax: 040-23331340,9899792639,photon@photonsolar.in,,www.photonsolar.com,
24,PPS Enviro Power*,default-img.png,"D-97/A, Road No. 18, IDA, Phase-I, Jeedimetla",500055,Hyderabad,Andhra Pradesh,78.45,17.51,,,,, 040-23195123/24,Fax: 040-23195033,,vijay@ppsenviro.com,,http://ppsenviro.com/,
25,Premier Solar Systems,default-img.png,"3rd Floor, VV Towers, Kharkhana Main Road",500009,Secunderabad,Andhra Pradesh,78.49,17.45,184,ICRA,2B,A,040-27744415,Fax: +91-40-27744417,,info@premiersolarsystems.com,,www.premiersolarsystems.c,
26,Radiant Solar Pvt. Ltd.,default-img.png,"Plot No. 15, Fabcity SEZ, Raviryal (V), Maheswaram (M)",501510,Hyderabad,Andhra Pradesh,78.47,17.24,,,,,7702114958,,,viswanathn@radiantsolar.us,,radiantsolar.us,
27,Servomax India Ltd.,default-img.png,"Plot No. 16,17 & 18, IDA
Phase-II, Cherlapally,
",5000051,Hyderabad,Andhra Pradesh,78.44,17.47,,,,,8885522663,,,,,,
28,Sirius Solar Energy Systems Pvt. Ltd.,default-img.png,"H.No. 3-6-35/14, Plot No. 454, Vivekananda Nagar, Kukatpally",5000072,Hyderabad,Andhra Pradesh,78.39,17.49,890,CRISIL,3B,B,040-23061004,,,,,,
29,Solar Integration Systems India Pvt. Ltd.,default-img.png,"18 iLabs Centre, Software Units Layout Madhapur",500081,Hyderabad,Andhra Pradesh,78.36,17.43,,,,,"040 4048 4444,",Fax: 040 4048 4445,,info@solarsis.in,,www.solarsis.in,
30,Solon India Pvt. Ltd.,default-img.png,"1-4-7 to 10,105, F Block, 1st Floor, Surya Towers, Sardar Patel Road",500003,Secunderabad,Andhra Pradesh,78.48,17.44,,,,,040-27813322-23,Fax: 040-27813358,,pcm.rao@solon.com,,www.solon.com,
31,Soma Enterprises,default-img.png,"2, Avenue 4, Banjara Hills",500034,Hyderabad,Andhra Pradesh,78.44,17.41,,,,,040-66538899,,,info@soma.co.in,,www.soma.co.in,
32,SS Solar Pvt. Ltd.,default-img.png,"C2, Pooja Plaza, Vikrampuri",500009,Secunderabad,Andhra Pradesh,78.49,17.46,,,,,040-27883333,Fax: 040-27883344,,,,,
33,SSJ Power Projects & Infrastructures Pvt. Ltd.,default-img.png,"8-2-41327/1, Road No 4, Banjara Hill",500034,Hyderabad,Andhra Pradesh,78.43,17.42,,,,,040-23323234,,,ssjsolar@gmail.com,,,
34,Sujana Energy Ltd,default-img.png,"#601A, Astral Heights Road No. 1, Banjara Hills",500034,Hyderabad,Andhra Pradesh,78.44,17.42,,,,,040-23350953,,,,,,
35,Sungrace Energy Solutions Pvt. Ltd,default-img.png,"F-4, Road No. 12, IDA Nacharam",500076,Hyderabad,Andhra Pradesh,78.56,17.43,,ICRA,3B,,040-27157894/95,Fax: 040-27157893.,,,,,
36,Sunwatt Soltech (P) Ltd.,default-img.png,"Sunwatt House, MIG C-20, Dr. A.S Rao Nagar, ECIL Post",500062,Hyderabad,Andhra Pradesh,78.48,17.38,,,,,040-27130465,Fax: 040-27135387,,,,,
37,Surana Ventures Ltd,default-img.png,"5th Floor, Surya Towers, Sardar Patel Road",500003,Secunderabad,Andhra Pradesh,78.39,17.42,,,,, 040-44665736,,9676779090,ssanghi@surana.com,,www.surana.com,
38,Thrive Solar Energy Pvt. Ltd.,default-img.png,"Plot No. 121/3/East, Phase II, Sector I, Lane 9, IDA Charlapally",500051,Hyderabad,Andhra Pradesh,0,17.46,777,ICRA,2B,A,040-32901212,91-9949325007,,dhanu@thriveenergy.co.in,,www.thriveenergy.co.in,
39,Veddis Solars Pvt. Ltd.,default-img.png,"Plot No. 13, Telecom Nagar, Gachibowli",500048,Hyderabad,Andhra Pradesh,78.41,17.36,,,,,040-39104910,91-9959358844,,info@veddissolars.com,,,
40,Zenith Energy Services Pvt. Ltd.,default-img.png,"10-5-6/B, My Home Plaza, Masab Tank",500028,Hyderabad,Andhra Pradesh,78.44,17.4,,,,,040-23376630,Fax: 040-23322517,,mohan@zenithenergy.com,,zenithenergy.com,
41,Green Ripples Pvt. Ltd.,default-img.png,"395, New Shanti Nagar",492007,Raipur,Chhattisgarh,81.65,21.24,,,,,0771-4060169,,,Rajeev.sood@greenripples.com,,http://greenripples.com/,
42,AKW Electronics,default-img.png,"B-177, Okhla Industrial Area, Phase-I",110020,New Delhi,Delhi,77.24,28.55,,,,, 011-41406775,Fax: 011-41406776,,,,,
43,Alpex Exports Pvt. Ltd.,default-img.png,"81/2, F.F, Sri Aurbindo Marg, Next to Turquoise Cottage Restarurant, Adchini",111017,New Delhi,Delhi,77.19,28.53,,,,,011-26547000,Fax: 011-26515355,,,,,
44,Alpex Solar,default-img.png,"81/2, 1st Floor, SriAurobindoMarg , Adichini",110017,New Delhi,Delhi,77.19,28.53,,,,,011-26522132,,,info@alpexonline.com,,www.alpexsolar.com,
45,Arka Solutions Pvt. Ltd.,default-img.png,"C-73, Tarang Apartments, 19, IP Extension",110092,New Delhi,Delhi,77.29,28.62,,,,,91-8800538885,,,s.bhardwaj@arkasolutions.co.in,,arkasolutions.co.in,
46,Azure Power India Pvt. Ltd.,default-img.png,"No. 8, LSC, Madangir, Pushp Vihar",110062,New Delhi,Delhi,77.07,28.6,,,,,011-49409800,Fax: 011-49409807,,projects@azurepower.com ; info@azurepower.com,,azurepower.com,
47,Bharat Heavy Electricals,default-img.png,"BHEL House, Siri Fort",110049,New Delhi,Delhi,77.21,28.55,,,,,011-66337000,,,query@bhel.com,,www.bbhel.com,
48,C&S Electric Ltd.,default-img.png,"#222, Okhla Industrial Estate, Phase-III",110020,New Delhi,Delhi,77.26,28.54,,,,,011-30887520-29,Fax: 011-26847154,9910018854,rohit.dhar@cselectric.co.in; info@cselectric.co.in,,www.cselectric.co.in,
49,Claro Energy Pvt. Ltd.,default-img.png,"F-213/D, 2nd Floor, Old MB Road, Lado Sarai",110030,New Delhi,Delhi,77.18,28.52,,,,,011-40571616,,,gaurav@claroventurers.com,,,
50,Dalmia Solar Power,default-img.png,"Hansalaya, 11th & 12th Floor, 15 Barakkhambha Road ",110001,New Delhi,Delhi,77.2,28.61,,,,,011-23310121,,,marketing@dalmiacement.com,,www.dalmiacement.com,
51,Eminence Solar,default-img.png,"206, 2nd Floor, RG Mall, Sector-9, Rohini ",110085,New Delhi,Delhi,77.12,28.71,,,,,9811470267,,,info@eminencesolar.com,,www.eminencesolar.com,
52,Fedders Lloyd Corporation,default-img.png,"159, Okhla Industrial Area, Phase III ",110020,New Delhi,Delhi,77.26,28.55,,,,,011-40627200/300,,,info@fedderslloyd.com,,www.fedderslloyd.com,
53,Gautam Polymers,default-img.png,"E-245, Greater Kailash, Part-II",110048,New Delhi,Delhi,77.23,28.53,,,,,011-49730007-09,91-9310141987,,,,,
54,Gautam Solar Private Limited,default-img.png,"F 33, Okhla Industrial Area, Phase I ",110020,New Delhi,Delhi,77.28,28.51,187,SMERA,1A,A,011-49730000/ 011-26816016,,,solar@gautampolymers.com; ganesh@gautamsolar.com,,www.gautampolymers.com,
55,Green Infra,default-img.png,"2nd Floor, Tower No. 2, NBCC Plaza, Pushp Vihar, Saket ",110017,New Delhi,Delhi,77.22,28.52,,,,,011-49190500,,,info@greeninfralimited.in,,www.greeninfralimited.in,
56,Hero Future Energies,default-img.png,"202, Third Floor, Okhla Industrial Estate, Phase-III ",110020,New Delhi,Delhi,77.26,28.55,,,,,011-49598000,,,info@herofutureenergies.com,,www.herofutureenergies.co,
57,Hero Solar Energy Pvt. Ltd.,default-img.png,"51, 3rd Floor, Okhla Industrial Estate, Phase-III",110020,New Delhi,Delhi,77.26,28.55,,,,,011-49598000,Fax: 011-49598022,,alok.verma@herofutureenergies.com,,,
58,Hindustan Cleanenergy,default-img.png,"43, B, Okhla Industrial Estate, Phase III ",110020,New Delhi,Delhi,77.26,28.54,,,,,011-40594444,,,balaji.krishnaswami@hpppl.in,,www.hindustanpowerproject,
59,IL&FS Renewable Energy,default-img.png,"2nd Fllor, Niyat Bhawan, Rao Tula Marg ",110057,New Delhi,Delhi,77.19,28.55,,,,,011-46002200,,,info@lidciindia.com,,www.lidcindia.co.in,
60,Luminous Power Technologies,default-img.png,"C-8 & C-9, Community Centre, Janakpuri ",110058,New Delhi,Delhi,77.09,28.61,,,,,011-25558913-18,,,,,www.luminousindia.com,
61,Luminous Power Technologies Pvt. Ltd,default-img.png,"C-8 & C-9, Community Centre, Janakpuri",110058,New Delhi,Delhi,77.09,28.61,,,,,011-25558913-18,Fax: 011-25558912,,anurag.srivastava@luminousindia.com ; care@luminousindia.com,,luminousindia.com,
62,Mohan Energy Corporation Pvt. Ltd.,default-img.png,"Mohan House, 8-9, Zamrudpur, Community Center, Kailash Colony Extn. ",110048,New Delhi,Delhi,77.23,28.55,,,,,011-29232802-5,Fax: 011-29240191,,hksood@mohanenergy.com; mec@mohanenergy.com,,www.mohanenergy.com,
63,Moser Baer Solar,default-img.png,"3B, Okhla Industrial Estate",110020,New Delhi,Delhi,77.16,28.62,,,,,011-40594444,,,info@moserbaer.in,,www.moserbaer.com,
64,Moser Baer Solar Ltd.,default-img.png,"43-B, Okhla Industrial Estate, Phase-3",110020,New Delhi,Delhi,77.26,28.54,,,,,"011-40594444; ; 011-40594444,26911570/74",Fax: 011-41635211,981070742147,Prabir.mohanty@moserbaer.in; pvinfo@moserbaer.in,,www.moserbaersolar.com,
65,National Thermal Power Corporation,default-img.png,"SCOPE Complex, Institutional Area, Lodhi Road ",110003,New Delhi,Delhi,77.23,28.58,,,,,011-24360100,,,info@ntpc.co.in,,www.ntpc.co.in,
66,Odema Renewable India Pvt. Ltd.,default-img.png,"8/7, WEA, Karol Bagh",110005,New Delhi,Delhi,77.19,28.64,,,,,8800259992,,,,,www.odemagreenenergy.co.i,
67,Plaza Power & Infrastructure Co.,default-img.png,"104/906-907, 9th Floor, Akashdeep Building, 26, Barakhamba Road",110001,New Delhi,Delhi,77.22,28.63,,,,,011-66369666,Fax: 011-66369608,,,,,
68,Pranat Engineers Pvt. Ltd.,default-img.png,"#28, Rishabh Vihar, Karkardooma",110092,New Delhi,Delhi,77.3,28.65,,,,,011-22372828,Fax: 011-22375994,,akash2316@gmail.com,,,
69,Sun Magic Advanced Solar Systems,default-img.png,"D-1/9, Hauz Khas ",110016,New Delhi,Delhi,77.19,28.55,,,,,9811230123,,,,,,
70,Sun Source Energy Pvt. Ltd.,default-img.png,"FB-02, STP Ext., NSIC Bhawan, Okhla",110020,New Delhi,Delhi,77.25,28.54,,,,,011-45760479,,,contact@sunsource-energy.com,, www.Sunsource-Energy.com,
71,SunKalp Energy,default-img.png,"107 Rectangle-1, D-4 District Centre, Saket ",110017,New Delhi,Delhi,77.21,28.52,,,,,,,9818443802,gautam@sunkalp.com,,www.sunkalp.com,
72,Tapan Solar Energy Pvt. Ltd,default-img.png,"SF-40, 2nd Floor, Crossiver Mall, C.B.D Ground, Sahadara",110092,New Delhi,Delhi,77.27,28.66,208,ICRA,3B,B,011-42111913,Fax: 011-42111914,,info@tapansolar.com,,,
73,Urja Global,default-img.png,"487/63, 1st Floor, National Market, Peeragarhi",110087,New Delhi,Delhi,77.08,28.67,,,,,011-25279143,Fax: 011-25279143,,info@urjaglobal.in; yogesh@urjaglobal.in,,www.urjaglobal.in,
74,Vipul Enterprises,default-img.png,"17A, Chinar Drive, DLF Farms, Chattarpur",110047,New Delhi,Delhi,77.16,28.48,,,,,011-26807833,,,info@vipul-enterprises.com,,,
75,Welspun Energies,default-img.png,"3rd Floor, The Press Trust of India Building 4, Parliament Street",110001,New Delhi,Delhi,77.2,28.62,,,,,011-66034600,,,welspunenergy@welspun.com,,www.welspunenergy.com,
76,Agrawal Renewable Energy Pvt. Ltd.,default-img.png,"Anand Bhawan, Old Station Road",403601,Margoa,Goa,73.96,15.26,,,,,832-2704131-33,,, info@agrawalgroupgoa.com,,agrawalgroupgoa.com,
77,ACVA Solar Pvt. Ltd.,default-img.png,"B-11, Ashray Bungalow,  B/h GERI Compound, GOTRI",390021,Vadodara,Gujarat,73.13,22.31,233,ICRA,3B,B,0265-2372746,,7600004946,chetan@acvasolar.com; info@acvasolar.com,,http://acvasolar.com/,
78,Adani Power,default-img.png,"7 A, Sambhav Bunglow Road, Bodakdev",380015,Ahmedabad,Gujarat,72.51,23.03,,,,,079-25556900,,,media@adani.in,,www.adanipower.com,
79,Arvind Accel Ltd.,default-img.png,"Arvind Mill Premises, Naroda Road",380025,Ahmedabad,Gujarat,72.61,23.04,,ICRA,3B,,079-30138677,Fax: 079-30138677,,feedback@arvind.com,,www.arvind.com,
80,AVI Appliances Pvt. Ltd.,default-img.png,"65-66, Narayan industrial Estate, Opp. Raipur Mill Compound, Saraspur",380018,Ahmedabad,Gujarat,72.61,23.03,,,,,079-22923767,Fax: 079-22920835,,info@avi-product.com,,www.avi-products.com,
81,Bons Light Pvt. Ltd.,default-img.png,"Plot No. 564, Phase-2, GIDC, Near Vatva Railway Crossing, Vatva",382445,Ahmedabad,Gujarat,72.63,22.95,,,,,079-25891197,,,bons.light@gmail.com,,,
82,Bright Solar,default-img.png,"Plot No. 474, Road No. 12, Kathwada GIDC, Kathwada",382430,Ahmedabad,Gujarat,72.68,23.03,,,,,91-9377756205,,,info@brightsolar.co.in,Contact Person: Vidyanand Dhaytadak,www.brightsolar.in,
83,Bright Solar Pvt. Ltd.,default-img.png,"Plot No. 90, Nathbhai Estate, Nr. Brahmani Ice Factory, Near Canal, Jashodanagar Road, Amaraiwadi",,Ahmedabad,Gujarat,72.62,22.98,,,,,079-25850031,,,pbthumar@gmail.com,,,
84,El-Sol Energy Systems,default-img.png,"C-206, DevAditya Arcade, Nr. Silver Square Complex, Opp. Bagban Party Plot, Thaltej-Shilaj Road, Tha",,Ahmedabad,Gujarat,72.49,23.05,,,,,9825035366,079-29702366,9558824681,"elsolenergy@hotmail.com,",,www.elsolenergysystems.co,
85,Emeral Energy Solutions  Pvt. Ltd.,default-img.png,"215, Chandraprabhu Complex, Near Sardar Patel Statue, Naranpura",380013,Ahmedabad,Gujarat,72.53,23.04,,,,,079-40068221,Fax: 079-40068221,,,,www.emeralenergy.com,
86,Empire Industrial Equipment,default-img.png,"414, Senapati Bapat Marg, Lower Parel",400013,Mumbai,Gujarat,72.82,19,,,,,22-66607873,,,equipment@empireindia.com,,www.empireindustrialequip,
87,Etain ImMODO Renewables,default-img.png,"201, Neelkanth Vila Bunglows, Behind DPS School",380058,Ahmedabad,Gujarat,72.46,23.04,,,,,"0217-660635/36,2345553/57",,,solarinfo@etimmodo.com,,www.etimmodo.com,
88,Euro Solar System,default-img.png,"Block No. 835/P3, Nr. Premier Synthetics, Opp. Ruby Coach, Rakanpur, Kalol",382721,Gandhinagar,Gujarat,72.42,23.14,,,,,9099016724,,,eurosolarsystem@gmail.com,,,
89,Gensol Consultants Pvt. Ltd.,default-img.png,"205-206, 2nd Floor, Sarthik II, S.G.Highway, Ahmedabad 380015, Gujarat",380015,Ahmedabad,Gujarat,72.5,23.03,792,ICRA,2C,A,078-78025010; 079-40068238/239,Fax: 079-40068239,9811800243,ncr@gensol.in,,www.gensolsolar.com,
90,Goldi Green Technologies,default-img.png,"Shop No. 2, suraj Darshan Appartment, PajwaFaila, Katargam Road",395004,Surat,Gujarat,72.82,21.22,,,,,0261-3099999; 0261-4040555,Fax: 0261-2537246,,info@goldigreen.in,,www.goldigreen.in,
91,Green Brilliance Energy Pvt. Ltd.,default-img.png,"A-1/3-4, B.I.D.C Industrial Estate, Gorwa",390016,Vadodara,Gujarat,73.16,22.33,422,CARE,3B,B,78800718191, 0265-2281658,,gbindia@greeenbrilliance.com,,vivek.asthana@greenbrilli,
92,HarshaAbakus Solar,default-img.png,"Sarkhej-Bavla Road, P.O. Changodar",382213,Ahmedabad,Gujarat,72.44,22.93,,,,,02717-391208/00,,,info@harsha-abakus.com,,www.harsha-abakus.com,
93,HEC Infra Projects Ltd.,default-img.png,"Sigma-1, Corporates, Corporate House No.6, Sindhubhavan Road, Nr. Mann Party Plot Cross, Bodakdev",,Ahmedabad,Gujarat,72.5,23.04,,,,,,Fax: 079-40086771-74,,elect@hecproject.com,,,
94,JJ PV Solar Pvt Ltd.,default-img.png,"Near Vikas Stove, B/h Hargange, B/h Hargange
Weybridge, Village-Veraval (Shapar), Rajkot-360024 ",360024,Rajkot,Gujarat,70.79,22.15,46,CARE3B,B,,0282-7254474,Fax: 0282- 7254476,,,,,
95,Kalthia Power India Pvt. Ltd.,default-img.png,"Kalathia House 193, Satyagrah Chhavni, S.G Highway, Opp. Iscon Mall",,Ahmedabad,Gujarat,72.5,23.03,,,,,079-26861339,,,solar@kalthiagroup.com,,kalthiagroup.com,
96,Kanha Electronics,default-img.png,"12A, Dhananjay Bunglow, B/h Shyamal 3B, Nr. Sanjay Tower, 100ft. Road, Stellite",380015,Ahmedabad,Gujarat,72.52,23.01,,,,,9824067767,,,shah@litsunenergy.com,,litsunenergy.com,
97,KP Buildcon  Pvt. Ltd.,default-img.png,"A 1 and 2, firdous tower, New Rander Road, Adajan Patia",395009,Surat,Gujarat,72.8,21.19,,,,,0261-2764757,,,info@kpgroup.co; faruk.patel@kpgroup.co,,www.kpgroup.co,
98,Lubi Electronics,default-img.png,"Sardar Patel Ring Road, Nr, Bright School, Nana Chiloda, Dist- Gandhingar-382325",382325,Gandhinagar,Gujarat,72.65,23.11,,,,,079-39845300,Fax: 079-39845599,,pgautam@lubipumps.com; info@lubielectronics.com,, www.lubipumps.com,
99,Navitas Green Solutions,default-img.png,"Plot No. B-20/3, Road No. 13-14, Hojiwala Industrial Estate",394230,Surat,Gujarat,72.91,21.07,,,,,0261-6055123,,,info@navitassolar.com,,www.navitassolar.in,
100,Neety Euro Asia Solar Energy,default-img.png,"B/4/1, GIDC, Electronics Estate, Sector-25",382024,Gandhinagar,Gujarat,72.62,23.24,,,,,079-23287395,Fax: 079-23287394,,,,,
101,Omsun Power Pvt. Ltd.,default-img.png,"604, Sakar III, Income tax Circle",380014,Ahmedabad,Gujarat,72.56,23.04,,,,,079-27541687,,,omsun@live.com,,,
102,P&N Engineering & Marketing,default-img.png,"27, Golden Industrial Park, Nr. S.P Ring Road, Odhav Circle",382415,Ahmedabad,Gujarat,72.65,23.02,,,,,079-22900138,,,info@eurosolar.co.in,,eurosolar.co.in,
103,Pegasus Semiconductor Ltd.,default-img.png,"B-305, Titanium Square, 3rd Floor, Thaltej, Cross Road,S.G Highway",380054,Ahmedabad,Gujarat,72.51,23.05,,CARE,3B,,079-29297143,,,,,,
104,Sahaj Solar Pvt. Ltd.,default-img.png,"444-50, Poddar Arcade, Khand Bazar, Varachha Road",395006,Ahmedabad,Gujarat,72.84,21.2,,ICRA,3B,B,0261-2554150,Fax: 0261-2554149,,info@sahajsolar.com,,sahajsolar.com,
105,Saura Synergies Pvt. Ltd.,default-img.png,"#3, Binori Ambit, 1st Floor, Opp. New York Tower, Thaltej, S.G Highway",380059,Ahmedabad,Gujarat,72.5,23.06,,,,,079-40034333,,,info.saura@gmail.com,,,
106,Shashwat Green Fuels & Technologies (India) Pvt. Ltd.,default-img.png,"Siddhi House, Behind Kamaldeep Apartment, Opp. Lal Bunglow, Off CG Road, Navrangpura",,Ahmedabad,Gujarat,72.56,23.03,,,,, 079-26461620/21/22,,,karan@shashwatgreen.in,,www.shashwat-green.com,
107,Sun Energy Systems,default-img.png,"P.B No- 12, G/90, Puja Estate, Opp Raka Industries, G.I.D.C, Vitthal, Udyognagar",388121,Anand,Gujarat,72.91,22.52,,,,,02692-230317; ,9825328298,,sesin2009@gmail.com,,sunenergysystems.in,
108,Topsun Energy Ltd.,default-img.png,"B-101, GIDC, Sector-25, Electronics Zone",382028,Gandhinagar,Gujarat,72.63,23.24,,,,,079-23288804,Fax: 079-23288805,, nanduri@topsunenergy.com,,www.topsunenergy.com,
109,Waa Solar,default-img.png,"Plot-4, Nr. PanchratnaTower, Beside Amul Appartment, Subhanpura",390023,Vadodara,Gujarat,73.15,22.31,,,,,91-7600031747,,,info@madhavgrp.co.in,,www.madhavgrp.co.in,
110,Waa Solar Pvt. Ltd.,default-img.png,"#74, Alkapuri Society, 101, Gayatri Apartment, Tower B",390007,Vadodara,Gujarat,73.16,22.31,,,,,0265-2322045,Fax: 0265-2322045,,,,,
111,Zodiac Energy Pvt. Ltd.,default-img.png,"B-307, Ganesh Plaza, Navrangpura, Ahmedabad",380009,Ahmedabad,Gujarat,72.49,22.99,,,,,,Fax: 079-26443312,,kamlesh@zodiacenergy.com,,www.zodiacenergy.com,
112,ACME Solar,default-img.png,"Plot No. 152, Sector 44",122002,Gurgaon,Haryana,77.07,28.44,,,,,0124-7117000,Fax: 0124-7117001,,info@acme.in,,www.acmesolar.in,
113,AECOM,default-img.png,"9th Floor, Infinity Tower C, DLF Cyber City, DLF Phase II",122002,Gurgaon,Haryana,77.08,28.49,,,,,0124-2816026,,,aecominvestorrelations@aecom.com,,www.aecom.com,
114,AES India,default-img.png,"Unit No. 202 & 203, 2nd Floor, Suncity Biusiness Tower, Sector-54, G.C.Road",122002,Gurgaon,Haryana,77.1,28.43,,,,,0124-4420999,,,info.aesindia@aes.com,,www.aes-india.com,
115,Airsolwin,default-img.png,"B-17, Laxmi Bazar, New Colony More, Sohnachowk",122001,Gurgaon,Haryana,77.01,28.44,,,,,9560405226,,,airsolwin@gmail.com,,www.airsolwin.in,
116,Amplus Solar,default-img.png,"Level 6, JMD Regent Square, MG Road",122002,Gurgaon,Haryana,77.07,28.47,,,,,9971944883,,,contact@amplussolar.com,,www.amplussolar.com,
117,Aryav Green Energy,default-img.png,"SF-12, Omaxe Celebration Mall, Near Subhash Chowk, Sohna Road",122004,Gurgaon,Haryana,77.03,28.41,,,,,0124-4002389,,,info@aryavgreenenergy.com,,www.aryavgreenenergy.com,
118,Bergen Associates,default-img.png,"690-691, Phase V, Udyogvihar",122016,Gurgaon,Haryana,77.08,28.5,,,,,0124-4986400/4002342-43,,,info@bergengroupindia.com,,www.baplindia.com,
119,Continental Solar,default-img.png,"Unit 12A, 2nd Floor, MGF Mega City, MG Road",122002,Gurgaon,Haryana,77.08,28.47,,,,,0124-4031610,,,customercare@continentalsolar.com,,www.continentalsolar.com,
120,Continental Solar Ltd.,default-img.png,"Unit 12A, 2nd Floor, MGF Mega City, MG Road",122002,Gurgaon,Haryana,77.08,28.47,,,,,9910021884,,,Navjot.singh@continentalsolar.com,,continentalsolar.com,
121,DD Solar Twenty Three India Pvt. Ltd.,default-img.png,"690-691, Phase V, Udyog Vihar",122016,Gurgaon,Haryana,77.08,28.5,,,,,0124-4002342-43,Fax: 0124-4002344,,vijay.singh@bergengroupindia.com,,bergengroupindia.com,
122,Dnova Infra,default-img.png,"637, Sector-31",122001,Gurgaon,Haryana,77.05,28.45,,,,,"0124-2580638,37",,,info@dnovainfra.com,,www.dnovainfra.com,
123,Dynamic Powers,default-img.png,"Killa No. 83/20, Behind plot no. 132, HSIIDC, Kundli, Sonipat - 131028",131028,Sonipat,Haryana,77.12,28.87,,,,,0130-3263862,Fax: 0130-2371041,,dynamicpowerbattary@yahoo.com,,,
124,Energo,default-img.png,"249-C, Udyog Vihar, Phase IV",122016,Gurgaon,Haryana,77.08,28.49,,,,,0124-4183200/300/400,,,energo@energoindia.com,,www.energoindia.com,
125,Exicom Tele-Systems Ltd.,default-img.png,"Plot No. 77A, Sector-18, IFFCO Road",122015,Gurgaon,Haryana,77.06,28.48,,,,,0124-6615200,Fax: 0124-6615204/205,,Praveen.dubey@exicom.in,,exicom.in,
126,Fortum India,default-img.png,"Level 7, Tower A, Building-5, DLF Complex",122002,Gurgaon,Haryana,77.08,28.48,,,,,0124-4418800,,,fortum.india@fortum.com,,www.fortum.com,
127,Godrej & Boyce Manufacturing,default-img.png,"C-001, Suncity Heights, G.C.Road",122012,Gurgaon,Haryana,77.07,28.51,863,CRISIL,1A ,A,9818700211,,,info@godrej.com,,www.godrejandboyce.com,
128,HBL Power Systems,default-img.png,"Plot No. -425, Sector-8, IMT Manesar",122050,Gurgaon,Haryana,76.88,28.37,,,,,0124-4240 168,,,contact@hbl.in,,www.hbl.in,
129,I G Solar Pvt. Ltd.,default-img.png,"B-Villa, Central Park-1, Sector-42, Golf Course Road, Gurgaon-122002",122002,Gurgaon,Haryana,77.04,28.54,,,,,0124-4275231,Fax: 011-66173950,,yogesh@indogermansolar.com,,indogermansolar.com,
130,IG Solar,default-img.png,"Dhorka, Sector-95, Pataudi Road",122505,Gurgaon,Haryana,77.01,28.44,,,,,0124-3251076/86,,,office@indogermansolar.com,,www.igsolar.in,
131,Lahmeyer International,default-img.png,"Intec house, 37, Institutional Area, Sector 44",122002,Gurgaon,Haryana,77.06,28.45,,,,,0124-4698586,,,info@lahmeyer.in,,www.liindia.com,
132,Lanco Solar Energy Pvt. Ltd.,default-img.png,"Plot No. 404-405, 2nd Floor, Udyog Vihar, Phase-3",122016,Gurgaon,Haryana,77.08,28.5,,,,,0124-6152700,Fax: 0124-4692500,,varun.agrawal@lancogroup.com,, www.lancogroup.com,
133,Pious energy,default-img.png,"B-9, Indraj Arcade, Sector 15",122001,Gurgaon,Haryana,77.03,28.45,,,,,8285010203,,,info@piousenergy.in,,www.piousenergy.in,
134,Predominant Engineers & Contractors,default-img.png,"501-501A, Global Foyer, G.C.Road, Sector-43",122002,Gurgaon,Haryana,77.09,28.46,,,,,0124-4767777,,,co@pecl.net,,www.pecl.net,
135,Punj Lloyd Delta Renewables,default-img.png,"95, Institutional Area, Sector 32",122001,Gurgaon,Haryana,77.03,28.44,,,,,0124-2620769,,,support@punjlloyddelta.com,,www.punjllyodgroup.com,
136,Rays Power Experts,default-img.png,"The executive Centre India Tower A, Building No. 5, 18th Floor, DLF Cyber City, DLF Phase III",,Gurgaon,Haryana,77.09,28.49,,,,,0124-6637940,,,info@raysexperts.com,,www.raysexperts.com,
137,ReNew Power,default-img.png,"Tower 4A, 6th Floor, DLF Corporate Park, M.G.Road",122002,Gurgaon,Haryana,77.1,28.48,,,,,0124-4896670/80,,,info@renewpower.in,,www.renewpower.in,
138,Rural Agri Ventures India,default-img.png,"122, 1st Floor, Vipul Agora, M.G Road",122002,Gurgaon,Haryana,77.03,28.46,,,,,0124-6565311,,,saikat@ruralagriventures.com,,www.ruralagriventures.com,
139,Saurya EnerTech,default-img.png,"864, UdyogVihar, Phase V",122016,Gurgaon,Haryana,77.08,28.5,,,,,0124-4001137,,,info@sauryaenertech.com,,www.sauryaenertech.com,
140,Schneider Electric India Pvt. Ltd.,default-img.png,"9th Floor, DLF Building no. 10, Tower C, DLF Cyber City, Phase II, Gurgaon-122002",122002,Gurgaon,Haryana,77.08,28.49,,,,,0124-3940400,Fax: 0124-4222036,,tapan.kapoor@schneider-electric.com; customercare.in@schneiderelectricelectric.co.in,,schneider-electric.com,
141,Sukam Power Systems Ltd.,default-img.png,"Plot No. 54, Udyog Vihar, Phase- VI, Sector-37, Gurgaon- 122 001",122001,Gurgaon,Haryana,76.99,28.43,,,,,0124-4170500,Fax: 0124-4038700,,ashish.sethi@su-kam.com; info@su-kam.com,,www.su-kam.com,
142,SunBorne Energy technologies,default-img.png,"403, Tower A, Unitech Cyber Park, Sector-39",122001,Gurgaon,Haryana,77.05,28.44,,,,,0124-4750600,,,info@sunborneenergy.com,,www.sunbornenergy.com,
143,UM Green Lighting Pvt. Ltd.,default-img.png,"UM House, Plot no. 35  P, Sector  44",122002,Gurgaon,Haryana,77.06,28.45,,,,,0124 4326 555,Fax: 91 124 4326 500,,,,,
144,Zamil Infra,default-img.png,"002 & 003, Ground Floor, BPTP Park Centra, Sector-30, NH-8 Gurgaon 122001, Haryana",122001,Gurgaon,Haryana,77.05,28.46,,,,,0124-4770900,,,info@zamilinfra.com,,www.zailinfra.com,
145,Abhishek Solar Industries Pvt. Ltd.,default-img.png,"Lower Vidyapati Nagar, Opp. Dreamz Apartment, Kanke Road",834008,Ranchi,Jharkhand,85.3,23.38,,,,,0651-6450685,,,abhisheksolarenergy@yahoo.co.in,,,
146,S.G Enterprises,default-img.png,"Shradhanand Road, Mahabir Chowk",834001,Ranchi,Jharkhand,85.31,23.37,,,,, 0651-2208751,,,admin@shyamglobal.com,,www.shyamglobal.com,
147,AEG Power Solutions India Pvt. Ltd.,default-img.png,"#85, Kaniminiki Village, Kengeri Hobli, Bangalore South Taluk",560060,Bangalore,Karnataka,77.42,12.86,,,,,080-67466000,Fax: 080-76466100,, rajkumar.gs@aegos.com,,,
148,Alpha Power Solution,default-img.png,"3613, 5th Main, 3rd Cross, B-Block, Gayathrinagar",560021,Bangalore,Karnataka,77.55,12.99,,,,,074111-12244,,,alphapowersolutions@gmail.com,,www.alphapowersolutions.c,
149,Array Tech Technologies,default-img.png,"No. 104, Level 2, Prestige Omega, Epip Zone, Whitefield",560066,Bangalore,Karnataka,77.72,12.97,,,,,080-2572296,,,info@arraytechindia.com,,www.arraytechindia.com,
150,Bosch Limited,default-img.png,"PO Box No. 3000, Hosur Road, Adugodi,",560030,Bangalore,Karnataka,77.58,12.95,,,,,91 80 2299 2366,91 9741496854,,venugopalan.cm@in.bosch.com,,,
151,Bosch Solar Energy,default-img.png,"P.B No. 3000, Hosur Road",560030,Bangalore,Karnataka,77.6,12.94,,,,,080-67521111,,,claim.pv@in.bosch.com,,www.bosch-solarenergy.com,
152,BPL Techno Vision Pvt. Ltd,default-img.png,"11th KM Bannerghatta Road, Arakere",560076,Bangalore,Karnataka,77.55,12.91,,,,,080-26581297,Fax: 080-41220721,,,,,
153,Conergy Energy Systems (India) Pvt. Ltd.,default-img.png,"660/1, 100ft. Road, Indiranagar ",560038,Bangalore,Karnataka,77.61,12.95,,,,,8861200817,Fax:080-41261932,,S.hHesche@conergy.com,,www.conergy.in,
154,Deepa Solar Systems Pvt. Ltd.,default-img.png,"#4, 80 ft Ring Road, Near BDA Complex, Nagarabhavi 2nd Stage",5600723,Bangalore,Karnataka,77.5,12.97,,,,,080-23188480/81,Fax: 080-23188483,,info@deepasolar.com,,deepasolar.com,
155,Emmvee Photovoltaics Power Pvt. Ltd.,default-img.png,"No. 13/1, International Airport Road, Bettahalasur Post",562157,Bangalore,Karnataka,77.62,13.15,38,CRISIL,1A,,080-43233511,Fax: 080-28467801/08,,,,,
156,Enerparc Energy,default-img.png,"Unit No. N905/906,9th Floor, North Block, Manipal Centre, No. 47, DickensonRoad",560042,Bangalore,Karnataka,77.61,12.97,,,,,080-49414941,,,contact@enerparc.in,,www.enerparc.de,
157,Enerzea Power Solution Pvt. Ltd.,default-img.png,"#1304, 2nd Floor, 3rd Stage, Yelahanka New Town",560064,Bangalore,Karnataka,77.57,13.09,,,,, 080-28562066,Fax: 080-42242948,,,,,
158,Insolare Energy,default-img.png,"5th Floor, ASK Towers, Kundanahalli",560066,Bangalore,Karnataka,77.71,12.96,,,,,040-45678899,,,insolare@insolare.com,,www.insolare.com,
159,Juwi India Renewable energies,default-img.png,"Samhitha Plaza, No. 248, 1st Floor, 80 Feet Road, Defence Colony, Indira Nagar",560038,Bangalore,Karnataka,77.64,12.97,,,,,080-49059000/01,,,r.bhat@juwi.in,,www.juwi.in,
160,"Kotak Urja Pvt. Ltd.,",default-img.png,"#378, 10th Cross, 4th Phase,Peenya Industrial Area",560058,Bangalore,Karnataka,77.51,13.01,,,,, 080-28363330 ,Fax: 080-28362347,,ajay.chugh@kotakurja.com,,91-9958811130,
161,Kripa Telecom,default-img.png,"No. 18, 1st Floor, Next to Maruti Timber Traders, Veerasandra",560100,Bangalore,Karnataka,77.67,12.84,,,,, 080-41734681,Fax: 080-41734681,,,,,
162,MaaPa Vivasvan Energy Pvt. Ltd.,default-img.png,"Flat 307, Janajeeva Castle, Canara Bank Layout, Kodigehalli",560097,Bangalore,Karnataka,77.57,13.06,,,,,080-23644700,,,maapa.vivasvan@gmail.com,,,
163,Microsun Solar Tech Pvt. Ltd.,default-img.png,"#74/2, B.Krishnappa Industrial Estate, 16th Cross, Srigandhanagar, Hegganahalli, Near Peenya 2nd Stage",,Bangalore,Karnataka,77.5,13,,,,,080-28367845/35,,,info@microsunsolar.com,,microsunsolar.com,
164,Millennium Synergy Pvt. Ltd,default-img.png,"No 16,3rd Main Road,Sankamma Garden, Basavangudi",560004,Bangalore,Karnataka,77.57,12.94,,,,,080-2654 3777,Fax : +91-80-2664 6944,,sudhatv@yahoo.com,,,
165,MRO-TEK Ltd.,default-img.png,"#29B, Electronic City, Hosur Road",560100,Bangalore,Karnataka,77.66,12.85,,,,,080-28520544,Fax; 080-28520986,,vijay.cr@mro-tek.com,,mro-tek.com,
166,Orb Energy Pvt. Ltd.,default-img.png,"No. 12, Srigandhada Kavalu, Sunkadakatte, Magadi Road",560091,Bangalore,Karnataka,77.49,12.97,,,,,080-23286142,Fax: 080-23286141,,damian.miller@orbenergy.com,,www.orbenergy.com,
167,PACE Power Systems (P) Ltd.,default-img.png,"V-12, KSIDC Industrial Area, Mysore Road, Kumbalagodu",560074,Bangalore,Karnataka,77.44,12.87,,,,, 080-28437792/28437794,Fax: 080-28437793,,solar@pacepowerindia.com,,pacepowerindia.com,
168,PAE Renewables Pvt. Ltd.,default-img.png,"# 35, 1ST Main, 3rd Cross, Muniswamapa Layout, Hosur Road, Bommanahalli",560068,Bangalore,Karnataka,77.57,12.9,337,ICRA,2C,A,91 80 25739504/25739463,, 98862 31949,rv.subbramanian@paerenewables.com; bangalore@peaarenewables.com,,paerenewables.com,
169,POM Systems & Services Pvt. Ltd.,default-img.png,"No.75, 6th Main, 3rd Phase, Peenya Industrial Area",560058,Bangalore,Karnataka,77.51,13.02,,,,, 080-23722583,,,pomsystems@yahoo.com,,,
170,Power One Micro Systems Private Ltd.,default-img.png,"GF-3/F 12, KSSIDC Building, 5th Cross, Industrial Estate, Peenaya 1st Stage",560058,Bangalore,Karnataka,77.55,12.93,,,,,080-28397832/28379844,Fax: 080-080-28377074,,ashoksingh@poweroneups.com,,www.poweroneups.com,
171,Prolight Systems,default-img.png,"#22, 6th Cross, 8th Main, Ganesha Block, Mahalaxmi Layout",560096,Bangalore,Karnataka,77.55,13.01,,,,,080-23197414,Fax: 080-23493757,,,,,
172,Promptec Renewable Energy Solutions Pvt. Ltd,default-img.png,"Shibra Farms, Nagasandra Main Road, Near 8th Mile Tumukur Road",560073,Bangalore,Karnataka,77.5,13.04,,CRISIL,3B ,,080-23378803,Fax: 080-42177762,,,,,
173,Quanta Power Solutions (I) Pvt. Ltd.,default-img.png,"257, GK Complex, Amarjyoti layout,Inner ring road, Domlur",560071,Bangalore,Karnataka,77.64,12.95,,,,,080-65692200/2206,,,appathy@quantaservices.com,,quantaservices.com,
174,SELCO Solar Lights Pvt. Ltd,default-img.png,"No 742, 15th Cross,6th Phase, J P Nagar",560078,Bangalore,Karnataka,77.59,12.91,,,,,080-266-545-09,,,selco@selco-india.com,,www.selco-india.com,
175,Silicon Technologies,default-img.png,"Survey No. 63/4, Site No. 5, P&T Layout, Mutthurayaswami, Layout, Srigandada Kavalu, Sunkadakatte, B",,,Karnataka,77.49,12.97,,,,,080-23487257,,,silicon@siliconindia.co.in,,,
176,Tata Power Solar,default-img.png,"78, Electronics City, Phase I, Hosur Road",560100,Bangalore,Karnataka,77.66,12.84,,,,,080-67772000/3000,,,info@tatapowersolar.com,,www.tatapowersolar.com,
177,Tata Power Solar Systems Ltd.,default-img.png,"78, Electronics City, Hosur Road",560100,Bangalore,Karnataka,77.64,12.84,,,,,9910118256,,,amitk@tatabp.com,,,
178,Thakral Services (India) Ltd.,default-img.png,"8th Floor, The Estate,#121, Dickenson Road",560042,Bangalore,Karnataka,77.61,12.97,,,,,080-25593891,Fax: 080-25595739,,nramach@thakral-india.co.in,,www.thakral-india.co.in,
179,United Telecoms Ltd.,default-img.png,"18A/19, Doddanekundi Industrial Area, Mahadevapura",560048,Bangalore,Karnataka,77.7,12.98,,,,,080-28524032,Fax: 080-28524073,,prakash@utlindia.com,,utlindia.com,
180,U-Solar Clean Energy Solutions Pvt. Ltd.,default-img.png,"1st Floor, 9th A Main, Behind J.B Nagar Police Station, New BDA Layout, HAL, 3rd Stage",560056,Bangalore,Karnataka,77.65,12.96,22,CRISIL,3B,B,080-65663540,,,kartika.rajaram@usolar.in,,usolar.in,
181,Vasundara Automation and Engineering Services,default-img.png,No. 3 Sy No. 89,560062,Bangalore,Karnataka,77.55,12.87,,,,,080-67726777,,,query@vasundara.com,Mr . Steffen Hesche,www.vasundara.com,
182,AICA Engineering (India),default-img.png,"Level 1, Rehaboth Building, Vadavathoor",686010,Kottayam,Kerala,76.56,9.59,,,,,0481-2570415;,,,info@aicaengineering.com,,www.aicaengineering.net,
183,AICA Engineering (India) Pvt. Ltd.,default-img.png,"No. 2/304, Kanjikuzy puthupally Road, Thuruthel Bridge",686004,Kottayam,Kerala,76.54,9.57,,,,, 1800 425 2033,,,info@aicaengineering.com,,aicaengineering.com,
184,Ammini Solar Pvt. Ltd.,default-img.png,"Plot No. 33-37, KINFRA Small Industries Park, ST. Xavier's College Post",695586,Thiruvananthapuram,Kerala,76.85,8.55,,,,,0471-2705588,Fax: 0471-2705599,, solar@ammini.com,,www.ammini.com/solar,
185,E2 Solar,default-img.png,"770, Z-28, Punnakattil Complex, Nr. Private Bus Stand, Angamaly Road, Klady P.O. ",683574,Kochi,Kerala,76.43,10.16,,,,,0484-3533332,,,info@e2solar.co.in,,www.e2solar.co.in,
186,Hykon India Pvt. Ltd.,default-img.png,"Hykon House, Ikkanda Warrier Road, Nr. Manorama Office",680001,Thrissur,Kerala,76.21,10.51,596,ICRA,2C,A,0487-2444183 ; 0487 2444163,Fax: 0487-2443878,,ho@hykonindia.com,,hykonindia.com,
187,IGA Tech Industrial Electronics (P) Ltd.,default-img.png,"XII/230, iga Tech Lane, Morarji Road, Vazhakkala, Kakkanad (W)",682030,Kochi,Kerala,76.32,10,608,CARE,3D,C,0484-6594449; 2428859,Fax: 0484-2428828,,igatech@vsnl.net,Manish Singhal,www.iga-tech.com,
188,Kavone Technology Pvt. Ltd.,default-img.png,"VE Arcade, Palarivattom Jn.",682025,Kochi,Kerala,76.3,10,,,,,0484-2348220,Fax: 0484-2348221,,info@kavone.com,,kavone.com,
189,Nature 2 Nature Ecosystem Pvt. Ltd.,default-img.png,"#273, 15th Cross, Girinagar",682020,Kochi,Kerala,76.29,9.95,ICRA,3B,,,0484 6561295,91-9961869999,,sunil@eco-system.in,,eco-system.in,
190,PTL Solar Energy Pvt. Ltd.,default-img.png,"2nd Floor, Saniya Building, Pump Junction, Aluva, Erankul",,,Kerala,76.35,10.1,,,,,0484-2632222,Fax: 0484-2632223,,krl@ptlsolar.com,,ptlsolar.com,
191,Reecco Energy India Pvt. Ltd.,default-img.png,"IV/B3, B4, Pala Road",685584,Thodupuzha,Kerala,76.57,9.81,,,,,04862-228849,Fax: 04862-228849,, baby@reecco.com,Contact Person: Mr. Ajay Chugh,reecco.com,
192,Shobitha Electronics(Manufacturers) Pvt. Ltd.,default-img.png,"Devi Priya, A-25, Pillaveedu Nagar, Kesavadasapuram, Pattam PO, ",695004,Thiruvananthapuram,Kerala,76.92,8.52,,,,,0471-2442698,,,info@shobithaindia.org,,shobithaindia.org,
193,Solarking INC,default-img.png,"30/172, Yogananda, Madom",682038,Poonithura,Kerala,75.81,9.97,,,,,0944-7267439,91-9846177720,,info@solarking.co.in,,solarking.co.in,
194,Team Sustain,default-img.png,"Plot No. 71, MRA, Kakkanad, Cochin-682030 ",682030,Kochi,Kerala,76.33,10.02,,,,,0484-3298807,Fax: 0484-2421176,,,,,
195,Whiteness,default-img.png,"Nr. Amritha Hotel, Thycaud, Trivendrum -695014",695014,Thiruvananthapuram,Kerala,76.95,8.48,,,,, 0471-2162788,,,whitenesssolar@gmail.com,,,
196,Shakti Pumps (India) Ltd.,default-img.png,"Plot No. 401,402 & 413, Sector-3, Industrial Area, Pithampur, Dhar",,,Madhya Pradesh,75.57,22.63,,,,,07292-410500,Fax: 07292-407044,,,,,
197,Ujaas Energy Ltd.,default-img.png,"Survey No. 211/1, Opp. Sector C & Metalman Industrial Area, Sanwer Road",452015,Indore,Madhya Pradesh,75.84,22.74,,,,,0731-2722388-89,0731-2721693,,,,,
198,Abener Engineering,default-img.png,"110, L.B.S. Marg, Vikhroli (West)",400083,Mumbai,Maharashtra,72.92,19.11,,,,,022-66889600,,,abener@abener.abengoa.com,,www.anener.com,
199,ACE Infrastructure,default-img.png,"113 MAMA Parmanad Marg, Aman Chambers, 6th Floor",400004,Mumbai,Maharashtra,72.81,18.95,,,,,"022-23627493,23684605",,,info@aceinfra.com,,www.aceinfra.com,
200,Aditya Green Energy,default-img.png,"Shop Mo. 21/22, Shahu Complex, Near Telephone Bhawan",413512,Lature,Maharashtra,76.57,18.39,,,,,02382-249801,,,info@adityagreenenergy.com,,www.adityagreenenergy.com,
201,Aditya Green Energy Pvt. Ltd.,default-img.png,"Shop No. 21/22, Shahu Complex, Near Telephone Bhawan, Latur-413512",413512,,Maharashtra,76.57,18.39,,,,,02382-249801,,,,,,
202,Adiurja Pvt. Ltd.,default-img.png,"254A, N-3, CIDCO",,Aurangabad,Maharashtra,75.36,19.87,,,,, 0240-2485896,,,mohan.raut@adiurja.com,,adiurja.com,
203,Ador Powertron Ltd.,default-img.png,"#51, D-II, Ramnagar Complex, MIDC, Chinchwad",411019,Pune,Maharashtra,73.84,18.64,,,,,020-27472532,Fax: 020-27475817,,pvgurnani@adorpower.com,,,
204,Aplab Limited,default-img.png,"Aplab House, A-5, Wagle Estate",400604,Thane,Maharashtra,72.94,19.2,,,,,022-67395555,022-25823137,,,,,
205,Arka Green Power Pvt. Ltd.,default-img.png,"A-614, Merchant Center, Sector-19B, APMC, Vashi",400705,Navi Mumbai,Maharashtra,80.17,13.09,,,,,1800 3000 99 22,,,,,www.arkagreenpower.com,
206,Autonic Energy Systems Pvt Ltd,default-img.png,"B-13, Pravasi Industrial Estate,Opp Aarey Road Goregaon (E) ",400063,Mumbai,Maharashtra,72.85,19.16,,,,,022-23611591,Fax: 022-66021070,,solar@autonic.in,, www.autonic.in,
207,Belectric Photovoltaic India,default-img.png,"310-311, ACME Plaza, Andherikurla Road, Andheri(East)",400059,Mumbai,Maharashtra,72.86,19.11,,,,,022-66975382,,,info@belectric-india.com,,www.belectric.com,
208,CCL Optoelectronics Pvt. Ltd.,default-img.png,"EL-38, MIDC, Electronics Zone, Mahpe",400710,Navi Mumbai,Maharashtra,73.01,19.11,,,,,022-39213283,Fax: 022-27685691,,,,,
209,CCS Optoelectronics,default-img.png,"EL 38, MIDC, Electronics Zone, Mahpe",400710,Navi Mumbai,Maharashtra,73.02,19.1,,,,,"022-27685691,65218496",,,info@cclopto.com,,www.cclopto.com,
210,Chemtrols Solar,default-img.png,"Amar Hill, Saki vihar Road, Powai, Mumbai 400072, Maharashtra",400072,Mumbai,Maharashtra,72.9,19.11,571,CARE,2B,A,022-67151200,Fax: 022-67151405,,chemtrols@chemtrols.com,,www.chemtrols.com,
211,Deity Fuel Energy Pvt. Ltd.,default-img.png,"Plot No. 47/48, Survey No. 343, Mahalunge, Chakan Industrial Area, Chakan Talegaon Road, Behind Hote",410501,Pune,Maharashtra,73.78,18.74,824,ICRA,3D,C,8600043155,,,info@deityfuel.com,,deityfuel.com,
212,Deshmukh Energy,default-img.png,"10,11,12, Ganesh Market, Nashik Road",422101,Nashik,Maharashtra,73.83,19.94,,,,,9225530444,,,info@deshmukhenergy.com,,www.deshmukhenergy.com,
213,Ecoprogetti,default-img.png,"C 8, Prime Showcase, Near Prime Plaza, BM Road, Elphinstone-West",400013,Mumbai,Maharashtra,72.83,19,,,,,022-24320061,,,minal.gala@ecoprogetti.com,,www.ecoprogetti.com,
214,Emerson Network Power (Pune) Pvt. Ltd.,default-img.png,"120/37, Ramtekadi Industrial Area",411013,Pune,Maharashtra,73.91,18.49,,,,,020-30469100,,,gautam.mishra@emerson.com,,emerson.com,
215,Enrich Energy,default-img.png,"201-A, 5 Koregoan Park Road",411001,Pune,Maharashtra,73.88,18.53,,,,,020-26050080/84,,,info@enrichenergy.com,,www.enrichenergy.com,
216,Euro Solar Power,default-img.png,"4, Court House, 1st Floor, Lokmanya Tilak Marg, Dhobi Talao",400002,Mumbai,Maharashtra,72.82,18.94,,,,,022-26523145,,,info@cpowerec.com,,www.eurosolarpower.in,
217,Flareum Technologies Pvt. Ltd.,default-img.png,"#701, Level 7, A/C Market, Tardeo",400034,Mumbai,Maharashtra,72.81,18.97,,,,,022-2353322,,,info@flareum.com,,,
218,Forbes Solar Pvt. Ltd.,default-img.png,"A34/35, H Block, MIDC, Estate",411018,Pimpri,Maharashtra,73.82,18.63,,,,,020-29851236,,,rrnair@forbesmarshall.com,,forbesmarshall.com,
219,Fronius India,default-img.png,"GAT No. 312, Nanekarwadi, Chakan, Taluka-Khed ",410501,Pune,Maharashtra,73.84,18.74,,,,,91-9820605297,,,sales.india@fronius.com,,www.fronius.com,
220,Gaurav Electronics,default-img.png,"Gala 4A, B-Wing, Plot No. K3, Anand Nagar, Ambernath Industrial Estate, MIDC, Ambernath (East)",,Thane,Maharashtra,73.18,19.2,,,,,0251-2605656,Fax: 0251-2605877,,,,,
221,GK Energy Marketers Pvt. Ltd.,default-img.png,"F.No. 350, B.No. 25, Ground Floor, Lokmanya Nagar, LBS Main Road, Near Dandekar Bridge Circle",,Pune,Maharashtra,73.84,18.5,,,,,020-24321115,,,info@energymarketers.in,,energymarketers.in,
222,Godrej & Boyce Mfg. Co. Ltd.,default-img.png,"TEC, Plant 1, Piroshanagar, Vikhroli",400079,Mumbai,Maharashtra,72.91,19.1,,,,,022-67961700,91-9920109490,,,,,
223,IBC Solar Projects Pvt. Ltd.,default-img.png,"Level 1, Trade Centre, Office No. 1027, Bandra Kurla Complex, Bandra (East)",,Mumbai,Maharashtra,72.87,19.06,,,,,022-61623227,,,Reingard.ling@ibc-solar.in,,ibc-solar.in,
224,Ikaros Solar India Pvt. Ltd.,default-img.png,"Unit No. 2, Electronics Co-op. Estate, Pune-Satara Road",411009,Pune,Maharashtra,73.85,18.5,,,,,020-24223737,Fax: 020-24221258,,,,,
225,Inovision Technologies,default-img.png,"Unit 4, B Wing, Baba Vihar, S.G. Barve Road, Kurla(East)",400024,Mumbai,Maharashtra,72.88,19.06,,,,,022-67733600,,,inovision.in@gmail.com,,www.inovision.co.in,
226,Inspira Martifier Solar  Ltd.,default-img.png,"21, Satyam, 318, Linking Road, Khar(West)",400052,Mumbai,Maharashtra,0,0,,,,,022-32505383; 022-67733600,Fax: 022-67733667,,contact@inspiramartifier.com,,www.inspiramartifersolar.,
227,Intelux Electronics,default-img.png,"Unit No. 2, Electronics Co-op., Estate, Pune-Satara Road",411009,Pune,Maharashtra,73.85,18.48,,,,,020-24223734,,,marketing@inteluxindia.com,,www.inteluxindia.com,
228,Intelux Electronics Pvt. Ltd.,default-img.png,"Unit No. 2, Electronics Co-op. Estate, Pune-Satara Road",411009,Pune,Maharashtra,73.85,18.5,,,,,020-24223734,Fax: 020-24221258,,bd@inteluxindia.com,,,
229,International Marketing Corporation,default-img.png,"#418, Swastik Chambers, Sion-Trombay Road, Chembur",400071,Mumbai,Maharashtra,72.89,19.05,,,,,022-66840000,,,amish@imc-india.com; sales@imc-india.com,,www.imc-india.com,
230,Jain Irrigation systems,default-img.png,"Jain Energy Park, Shiroli Road, PO Box NO 20 Jalgaon",425001,Jalgaon,Maharashtra,75.49,21.01,375,FITCH,1B,A,0257-2260033/44; 0257 225801,Fax: 0257-2261155,,info@jainirrigation.com; jisl@jains.com,,www.jains.com,
231,Juvas Solutions Pvt. Ltd.,default-img.png,"3-A, Melody Society, ICS Colony, Ganeshkhind",411007,Pune,Maharashtra,73.32,18.6,,,,,020-66769804 ,Fax: 020-25517390,7875555366,ashish.shrivastava@juvassolutions.com,,juvassolutions.com,
232,Kaihatsu Techno Centre,default-img.png,"Unit 36, B Wing, Ground Floor, Solaris Building I, BajipasalkarMarg, Saki Vihar, Andheri(East) ",400007,Mumbai,Maharashtra,72.88,19.11,,,,,022-28576348,,,sales@ktcpl.com,,www.ktcpl.com,
233,KEC International Ltd.,default-img.png,"RPG House, 463, Dr. Annie Besant Road, Worli",400030,Mumbai,Maharashtra,72.81,19,829,ICRA,3D,C,022-66670200,Fax: 022-66670260,,info@kecint.com; balav@kecrpg.com,,www.kecrgp.com,
234,Kirloskar Brothers Ltd.,default-img.png,"Yamuna Buiding, survey No. 98/3-7, Baner Road",411045,Pune,Maharashtra,73.76,18.56,,,,,020-27214444,,,kblin@kbl.co.in,,www.kbl.co.in,
235,Kirloskar Integrated Technologies,default-img.png,"13/A, Karve Road, Kothrud",411038,Pune,Maharashtra,73.81,18.49,,,,,020-25457940,,,gtc.kitl@kirsolkar.com,,www.kitlgreen.com,
236,Kirloskar Integrated Technologies Ltd.,default-img.png,"13/A, Karve Road, Kothrud",411038,Pune,Maharashtra,73.81,18.49,,,,,020-25457940,Fax: 020-25457939,,devendra.goyal@kirloskar.com,,kirloskar.com,
237,Konstelec Engineers,default-img.png,"6/25/308, Creative Industrial Estate, Sunder Nagar, Lane No. 2, Kalina, Santacruz(East)",,Mumbai,Maharashtra,72.86,19.07,,,,,022-26663827,,,kepl@konstelec.com,,www.konstelec.com,
238,Larsen & Toubro Limited,default-img.png,"L&T House, Ballard Estate",400001,Mumbai,Maharashtra,72.78,18.98,870,CARE,1A,A,022-22704000/ 67525656,Fax: 044-22705482,,singhal@lntecc.com; infodesk@larsentourbo.com,,Lntecc.com; www.larsentou,
239,Laxmi Sales & Services,default-img.png,"1325/43, Udyamangar",416008,Kolhpur,Maharashtra,74.23,16.7,,,,,0231-2661223,Fax: 0231-2659873,,info@lsslaxmi.com,,lsslaxmi.com,
240,Mahindra EPC Service,default-img.png,"Mahindra Towers, Dr. G.M.BhosaleMarg, P.K.Kurnechowk, Worli",400018,Mumbai,Maharashtra,72.81,19,,,,,022-24825060; 91-9910084922,,,sales.mahindraepc@mahindra.com; bora.randeep@mahindra.com,,ww.mahindrasusten.com,
241,Mahindra EPC Services Pvt. Ltd.,default-img.png,"Mahindra Towers, Dr. GM Bhosle Marg PK Kurne Chowk, Worli ",,Mumbai,Maharashtra,72.87,19.11,,,,,,,,,,,
242,Mahindra Solar,default-img.png,"570, 1st Floor, Sadhna House, Behind Mahindra Towers, GM Bhosle Marg, Worli",400018,Mumbai,Maharashtra,0,0,,,,,022-24825060,,,contactus.solar@mahindra.com,,www.mahindra.com,
243,MG Solar Powertronics LLP,default-img.png,"Khanna Estate, Opp. HDFC Bank,LBS Marg, Vikhroli(W)",400079,Mumbai,Maharashtra,72.81,19.04,,,,,9892143603,,,esb@mgsolarpowertonics.com,,,
244,MPIL Steel Structures Ltd.,default-img.png,"MPIL Headquarters, Trade Star-B, 6th Floor, Andheri-Kurla Road, J.B Nagar, Andheri (East)",400004,Mumbai,Maharashtra,72.86,19.11,,,,,022-42607000,Fax: 022-42607070,,,,,
245,Pearl Enterprises,default-img.png,"Zende Complex, Shree Nagar, Near Purohit Hospital, Dhankavadi Last Bust Stop, Dhankawadi",,Pune,Maharashtra,73.48,18.46,,,,,020-24374131,Fax: 020-24374132,,,,,
246,Photonix Solar Projects Pvt. Ltd.,default-img.png,"38/A, Sahakar Vrind Society, Opp. Vanaz Factory, Paud Road, Kothrud",411038,Pune,Maharashtra,73.79,18.5,,,,,020-25382926,,,sushant.dhakite@photonixprojects.com,,,
247,Qubic Suntrack Energy System Pvt. Ltd.,default-img.png,"#28, Shankara Sant Sopandeo Society, Sant Nagar",411009,Pune,Maharashtra,73.93,18.59,,,,,,fax: 020-24318185,,info@qubicsuntracksystems.com,,qubicsuntracksystems.com,
248,Qubic Suntrack energy Systems,default-img.png,"28 ""Shankara"" Santsopandev society, Santnagar, Aranyeshwar",411009,Pune,Maharashtra,73.85,18.48,,,,,020-24318185,,,info@qubicsuntracksystems.com,,www.qubicsuntracksystems.,
249,Reliance Industries ,default-img.png,"5 C, 1st Floor, Reliance Corporate Park, Ghansoli, Thane-Belapur Road",400701,Navi Mumbai,Maharashtra,0,0,,,,,022-29780000,,,sales.reliancesolar@ril.com,,www.resolar.com,
250,Reliance Industries Ltd*.,default-img.png,"Reliance Corporate Park, Gate House, Bdg. 5A GF, Thane-Belapur Road, Ghansoli",400701,Navi Mumbai,Maharashtra,73,19.13,,,,,022-44770867,Fax: 022-44710084,,,Mob: +91-9811051315,,
251,Relyon Solar Pvt. Ltd.,default-img.png,"Varsha Complex, 4th Floor, Warje-highway bridge, Warje",411058,Pune,Maharashtra,73.8,18.48,,,,,020-25236849,91-9764461511,,dhananjay@relyonsolar.com,, www.relyonsolar.com,
252,Shri Sai Technologies,default-img.png,"Sadasukh Theater Road, Opp. Hotel CafÃ© Royal",416416,Sangli,Maharashtra,74.46,16.78,,,,, 0233-6511802,Fax: 0233-2373824,,shrisaitechno@yahoo.com,,,
253,Shrinath Engineers,default-img.png,"S-20, Prince Complex, Chattrapati Square, Nagpur",440015,Nagpur,Maharashtra,79.06,21.1,,,,,0712-2289548,Fax: 0712-2289548,,amit@shrinathengineering.com,,shrinathengineering.com,
254,Solairedirect Energy India,default-img.png,"Office No. 203, 2nd Floor, Pentagon P3, Magarpatta City, Hadaspar",411013,Pune,Maharashtra,73.92,18.51,,,,,020-66864700,,,contactidia@solairedirect.in,,www.solairedirect.in,
255,Space Solar Shopie,default-img.png,"Rathi Towers, Dashmeshnagar, Osmanpura, Aurangabad",,Aurangabad,Maharashtra,75.33,19.86,,,,,"0240 - 2363394, 0240 - 6410157","91 9422208860 ,",,,,,
256,Span Pumps Pvt. Ltd.,default-img.png,"#104, Arihant.1187/26, Shivajinagar, Ghole Road",411005,Pune,Maharashtra,73.84,18.52,,ICRA,1A,,020-25536371,Fax: 020-25536372,,nitinmuthiyan@spanpump.com,,www.spanpump.com,
257,Steelite Engineering Ltd.,default-img.png,"1st Floor, Blackie House 103, W.H Marg, Opp. GPO, Mumbai CST",400001,Mumbai,Maharashtra,72.83,18.93,,,,,022-22700307,,,solar@steelitegroup.com,,,
258,Sterling And Wilson,default-img.png,"Universal Majestic, 9th Floor, P.L.Lokhande Marg, Chembur(West), Mumbai 400043, Maharashtra",400043,Mumbai,Maharashtra,72.91,19.06,,,,,022-25485300,,,mumbai@sterlingwilson.com,,www.sterlingandwilson.com,
259,Sun Technologies,default-img.png,"23B, Royal Enclave, Manovikas Nagar, Bowenpally",,,Maharashtra,78.48,17.46,,,,,040-27751166/77,Fax: 040-27751155,,hafeeza@suntechnologiesindia.com,,suntechnologiesindia.com,
260,Tata Power,default-img.png,"Bombay House, 24, Homy Mody Street Fort",400001,Mumbai,Maharashtra,0,0,,,,,022-66658282,,,customercare@tatapower.com,,www.tatapower.com,
261,Thermax Limited,default-img.png,"Thermax House, 14 Mumbai-Pune Road, Wakdewadi",411003,Pune,Maharashtra,73.84,18.53,311,ICRA,1A,A,020-66051200; 66126612,,,enquiry@thermaxindia.com,,www.thermaxindia.com,
263,Visa Ecotech,default-img.png,"W223, MIDC, TTC Industrial Area, Khairne",400709,Navi Mumbai,Maharashtra,73.01,19.09,,,,,022-39469000,,,info@visaecotech.com,,www.visaecotech.com,
264,Waaree Energies Pvt. Ltd.,default-img.png,"602, Western Edge-I,Western Express Highway,Borivliâ",400066,Mumbai,Maharashtra,72.86,19.21,,,,,022-66444444; 91-9953106365,Fax : 022-66444400,,virenjoshi@waaree.com; ankittyagi@waaree.com,,www.waaree.com,
265,Contrive Instrumentation,default-img.png,"G1 231 and 232, Kuber Industrial Area, Ranpur",325003,Kota,Rajasthan,75.84,25.06,,,,,0744-2845057-58,,,info@contrivekota.com,,www.contrivekota.com,
266,Genus Power Infrastructure,default-img.png,"SPL-3, RIICO Industrial Area, Sitapura, Tonk Road",302022,Jaipur,Rajasthan,75.82,26.77,,,,,0141-7102400/500,,,ecc@genus.in,,www.genus.in,
267,Genus Power Infrastructures Ltd.,default-img.png,"SPL-3, RIICO Industrial Area, Sitapura, Tonk Road",,Jaipur,Rajasthan,75.82,26.77,,,,,0141-7102400,Fax: 0141-2770319,,,,,
268,Natural Lights Pvt. Ltd.,default-img.png,"F-42, Swej Farm, Nandpuri, 22, Godown, Industrial Area",,Jaipur,Rajasthan,75.77,26.89,,,,,0141-2210278,,,abhishek.jain@naturallights.co.in,,naturallights.co.in,
269,Novergy Energy Solutions Pvt. Ltd.,default-img.png,"#1, Navlok Navratna Comp. Bedla Road",313001,Udaipur,Rajasthan,73.69,24.61,213,ICRA,3B,B,0294 2415487,Fax: 0294-2415488,,info@novergy.co.in,,,
270,Rays Power Infra,default-img.png,"D-93, Janpath, Shurya Nagar, Jaipur",,Jaipur,Rajasthan,75.76,26.89,,,,,0141-2297802,,,info@rayspowerinfra.com,,www.rayspowerinfra.com,
271,Rays Power Infra (P) Ltd.,default-img.png,"D-43, Janpath, Shyam Nagar",302019,Jaipur,Rajasthan,75.75,26.89,,,,,0141-2297802,Fax: 0141-4038767,,info@rayspoerinfra.com,,,
272,Solargy Systems,default-img.png,"507, 5th Floor, Big Benn OKAY Plus Tower, New Sanganer Road",302019,Jaipur,Rajasthan,75.75,26.85,,,,,0141-2972233,,9571185728,info@solargyhome.com,,solargyhome.com,
273,Aeon Renewable Energy Solution,default-img.png,"3rd Floor, Sintron Square, 1/9, Dr. VSI Estate Thiruvanmiyur",600041,Chennai,Tamil Nadu,74.94,13.96,,,,,044-40206666,,,info@aeonenergy.blz,,www.aeonenergy.blz,
274,Aeon Renewable Energy Solution Pvt. Ltd.,default-img.png,"3rd Floor, Sintron Square, 1/9, Dr. VSI Estate, Thiruvanmiyur",600041,Chennai,Tamil Nadu,74.94,13.96,,,,,044-49607700,Fax: 044-49607711,,info@aeonenergy.biz,,aeonenergy.biz,
275,Akshaya Solar Power (I) Pvt. Ltd.,default-img.png,"Plot No. 33, Medical Society, Kukatpally, Hyderabad",500072,Hyderabad,Andhra Pradesh,78.41,17.49,,,,,040-40064523,Fax: 040-40064524,,info@akshayasolar.com,,www.akshayasolar.com,
276,Alectrona Energy Pvt. Ltd.,default-img.png,"6th Floor, Samson Towers, 403L, Panthenon Road, Egmore, Chennai- 600008",600008,Chennai,Tamil Nadu,80.27,13.02,,,,,044-43084571,91-9962879087,,visakank@zynergygroup.net,,www.zynergygroup.net,
277,Alpha Power,default-img.png,"No.17,Maniakarampalayam, Ganapathy",641006,Coimbatore,Tamil Nadu,76.97,11.03,,,,,0422-2532624,,,info@alphawindmills.com,,alphawindmills.com,
278,Avant-Grade Systems and Controls Pvt. Ltd.,default-img.png,"No. 67A, New No. 37, Porur Kundrathur High Road, Porur",600116,Chennai,Tamil Nadu,80.15,13.04,,,,,044-24828531,Fax: 044-24828531,,sbalaguru@avant-grade.co.in,,,
279,Borg Energy India,default-img.png,"GEE GEE EMERALD 2E, 2nd Floor, 312/151, Village Road Nungambakkam",600034,Chennai,Tamil Nadu,80.25,13.05,,,,,044-49172222,,,www.borgenergy.com,,www.borgenergy.com,
280,Borge Energy India,default-img.png,"GEE GEE EMERALD, 2E, 2nd Floor, 312/151, Village Road Nungambakkam",600034,Chennai,Tamil Nadu,80.25,13.05,,,,,044-49172222,,,info@borgenergy.com,,www.borgenergy.com,
281,Consul Consolidated Pvt. Ltd.,default-img.png,"4/329A, Old Mahabalipuram Road",600041,Chennai,Tamil Nadu,80.21,12.99,,,,, 044-24541555-57,Fax: 044-24541560,,sriram@consulindia.com,, www.consulindia.com,
282,Dev International,default-img.png,Kalapatti-Kurumbaalayam Road,641048,Coimbatore,Tamil Nadu,77.02,11.09,856,CRISL,3B,B,8870445566,9743179797,,dev@devsolar.com,,www.devsolar.com,
283,E2 Solar,default-img.png,"Punnakkattil Complex, Angamaly Road, Kalady-683575",683575,Kalady,Tamil Nadu,0,0,,,,,0484-3533332,,,info@e2solar.co.in,,e2solar.co.in,
284,Enertech Engineering,default-img.png,"Plot No. 66-77, Cherlapally Industrial Park, Phase-III ",,,Tamil Nadu,0,0,,,,,040-27268002,,,office@enertechengineering.com,,www.enertechengineering.c,
285,Enfinity Solar Solution,default-img.png,"New No. 60/Old No. 79, Greenways Extension Road, R.A. Puram, Chennai 600028, Tamil Nadu",600028,Chennai,Tamil Nadu,80.25,13.01,,,,,044-40505550,,,info@enfinity.in,,www.enfinity.biz,
286,Evergreen Solar Systems India,default-img.png,"Sulochana Mills Campus, Mettupalayam Road, Vadamadurai, Coimbatore 641017, Tamil Nadu",641017,Coimbatore,Tamil Nadu,77,11.08,,,,,0422-2642564,,,info@evergreensolar.com,,www.evergreensolar.com,
287,Evergreen Solar Systems India Pvt. Ltd.,default-img.png,"Sulochana Mills Compound, Mettupalayam Road, Vadamadurai, Coimbatore-641017",641017,Coimbatore,Tamil Nadu,77,11.08,,,,,0422-2642564,Fax: 0422-2642830,,md@evergreensolar.in,,evergreensolar.in,
288,EverSun Energy,default-img.png,"Tecpro Towers, Plot No. 11, A 17, 5th Cross Road, SIPCOT IT Park, Siruseri, Chennai 603103, Tamil Nadu",603103,Chennai,Tamil Nadu,80.21,12.81,,,,,"044-47443000,37474747",,,marketing@eversunenergy.com,,www.eversunenergy.com,
289,Eversun Energy Pvt. Ltd.,default-img.png,"Tecpro Towers, 11/A-17, 5th Cross Road, SIPCOT IT Park, Siruseri, Chennai-603103",603103,Chennai,Tamil Nadu,80.21,12.81,,,,, 044-37474747,Fax: 044-37487511,,marketing@eversunenergy.com,,www.eversunenergy.com,
290,Gamesa Wind Turbines Pvt. Ltd.,default-img.png,"The Futura Tech Park, B-Block, 8th Floor, No. 334, Rajiv Gandhi Salai, Sholinganallur, Chennai- 6001",,Chennai,Tamil Nadu,80.22,12.91,,,,,044-39242424,Fax: 044-30060661,,,,,
291,Green Secure Energy,default-img.png,"8D, Riaz Garden,12, Kodambakkam, High Road, Nungambakkam",600034,Chennai,Tamil Nadu,80.24,13.05,854,CARE,3B,B,040-23392978; 044-64551137,,,indy@greensecure.in,,www.greensecure.in,
292,NanoPV Voltech Solar Pvt. Ltd.,default-img.png,"Voltech Eco Tower, #2/249, Mount Poonamallee Road, Ayyappanthangal",600056,Chennai,Tamil Nadu,80.12,13.04,,,,, 044-43978000,Fax: 044-42867746,,oinfo@nano-pv.com,,www.nano-pv.com,
293,Power gear Ltd.,default-img.png,"Plot No. B-33, Phase II, MEPZ-SEZ, Tambaram",600045,Chennai,Tamil Nadu,80.09,13.01,,,,,044-42901111,Fax: 044-22624434,,,,,
294,RK Tech (India) Pvt. Ltd.,default-img.png,"GF-25, Anna Nagar Plaza, C-47, Second Avenue, Anna Nagar",600040,Chennai,Tamil Nadu,80.19,13.08,,,,,044-26211054,Fax: 044-42615061,,info@rktech.in,,www.rktech.in,
295,SB Wind Energy Pvt. Ltd.,default-img.png,"No. 3, 1st Floor, Vedammal Avenue, Dr. Subrayan Nagar, Kodambakkam",600024,Chennai,Tamil Nadu,80.02,13.15,,,,,044-43565337,,,kumar.k@sbenergy.co.in,,sbenergy.co.in,
296,Solkar Solar Industry Ltd.,default-img.png,"No. 13/2, Jayakshmipuram, 1st Street, Nungambakkam",600034,Chennai,Tamil Nadu,80.23,13.06,,,,,NA,,,,,,
297,Sree Nandhees Technologies Pvt. Ltd.,default-img.png,"No. A2/1, 2nd Floor, 1st Cross street, 1st Main Road, Ambattur",600058,Chennai,Tamil Nadu,80.14,13.12,ICRA,2C,A,,044-43436969,Fax: 044-43436967,,sales@sreenandhees.in,,www.sreenandhees.in,
298,SunEdison Solar Power India Pvt. Ltd.,default-img.png,"Menon eternity, 10th Floor, 165, St, Marys Road, Alwarpet",600018,Chennai,Tamil Nadu,80.25,13.02,,,,,044-42923818,,,india@sunedison.com ; skumar@memc.com,,www.sunedison.in,
299,Swelect Energy Systems Ltd.,default-img.png,"Numeric House, No. 5, Sir Siva Samy Salai, 3rd Floor, Mylapore, Chennai",600004,Chennai,Tamil Nadu,80.26,13.04,102,CRISIL,1A,A,044-24993266,,,,,,
300,Torp Systems Pvt. Ltd.,default-img.png,"F-91&92, Sipcot Industrial Complex",601201,Gummidipoondi,Tamil Nadu,79.97,13.44,,,,,044-27922239,Fax: 044-27921333,,,,,
301,Trishe Green Solutions Pvt.Ltd.,default-img.png,"No. 555/554, Anna Salai, Teynampet",600018,Chennai,Tamil Nadu,80.21,13.04,,CRISIL,3B,,044-43546555,Fax: 044-43546550,,,,,
302,V.D Swami and Company Pvt. Ltd.,default-img.png,"VDS House, 41, Cathedral Road",600086,Chennai,Tamil Nadu,80.25,13.04,,,,,044-42104079-81,Fax: 044-4428117479,,ms.vdswami@vdswami.com,, www.vdswami.com,
303,Viviann Energy Solutions,default-img.png,"#264, 3rd Main Road, Gomathipuram, Melamadai",625020,Madurai,Tamil Nadu,78.11,9.91,,,,,0452-2585599,,,viviannenergysolutions@gmail.com,,,
304,AOV International,default-img.png,"B-5, Sector-59, G.B Nagar",,NOIDA,Uttar Pradesh,77.36,28.6,,,,,0120-4692900,Fax: 0120-4292921,,aov@airtelmail.in,,,
305,Apnatech Consultancy Services Pvt. Ltd.,default-img.png,"3rd Floor, Regency Plaza, 5, Park Road, Hazratganj",226001,NOIDA,Uttar Pradesh,80.94,26.84,,,,,0522-4001865,,,vikaschandra@apnagroups.com,,apnagroups.com,
306,Elcomponics Technologies India,default-img.png,"A 65, Secto 58, Phase III",201301,NOIDA,Uttar Pradesh,77.35,28.6,,,,,0120-4229673,,,salesetipl@elcomponics.com; info@elcomponics.com,,www.Elcomponics.com,
307,Elcomponics Technologies India Pvt. Ltd.,default-img.png,"A-65, Sector-58, Phase-III",201301,NOIDA,Uttar Pradesh,77.35,28.6,,,,,0120-4229573,Fax: 0120-4359538,,,,,
308,Fairwood SmartGreen,default-img.png,"7th Floor, Tower D, Logix Techno Park, Sector 127",201301,NOIDA,Uttar Pradesh ,77.35,28.51,,,,,0120-4056500,,,vikas@fairwoodground.com,,www.fairwoodsmartgreen.co,
309,Jaiswal Battery Service,default-img.png,"#11, Church Building, Hazratganj",226001,Lucknow,Uttar Pradesh,80.94,26.85,,,,,0522-2618977,Fax: 0522-4076594,,rajkjdi@in.com,,,
310,Jakson Engineers Ltd.,default-img.png,"A-43, Phase-II, (Extension),Opp. NSEZ ",201305,NOIDA,Uttar Pradesh,77.4,28.53,,,,,0120-4302600,Fax: 1204302646,,sudershan.gupta@jakson.com; info@jakson.com,,www.jakson.com,
311,NMTronics India Pvt. Ltd.,default-img.png,"SDF No. C-2 & E-17, Noida,SEZ, Noida Dadri Road, Phase II",201301,NOIDA,Uttar Pradesh,77.39,28.53,,,,,0120-4603500,Fax: 0120-4603535,,soni@nmtronics.com,,,
312,Ritika Systems Pvt. Ltd,default-img.png,"C-22/18, Sector-57",201301,NOIDA,Uttar Pradesh,77.33,28.59,,,,,0120-2586610,Fax: 0120-2586609,, info@ritikasystems.in,,www.ritikasystems.in,
313,Safety Plus Power Ltd.,default-img.png,"C-261, Sector- 63",201301,NOIDA,Uttar Pradesh,77.39,28.62,,,,,0120-4287220,Fax: 0120-4287227,,,,,
314,Statcon Power Controls Ltd.,default-img.png,"A-34, Sector-59, G.B Nagar",201301,NOIDA,Uttar Pradesh,77.36,28.6,,,,,0120-4640200-210,Fax: 0120-4640240,,info@stat-con.com,,www.stat-con.com,
315,Sterling and Wilson Limited,default-img.png,"Sterling & Wilson House, C-56/38, Sector-62, Noida (U.P)",,NOIDA,Uttar Pradesh,0,0,,,,,,Fax: 0120-4071030,,vikas.bansal@sterlingwilson.com,,sterlingandwilson.com,
316,Sunsource Energy,default-img.png,"B-14, Sector-132",201303,NOIDA,Uttar Pradesh,77.37,28.5,,,,,0120-6500409,,,contact@Sunsource-Energy.com,,www.sunsource-energy.com,
317,SunSwitch India,default-img.png,"Plot No. 51/1/10 Site-IV, UPSIDC Industrial Area",201010,Sahibabad,Uttar Pradesh,77.34,28.66,,,,,1800-11-8090,,,info@sunswitch.in,,www.sunswitch.in,
318,V S Enviortech Pvt. Ltd.,default-img.png,"#601, Wave Silver Tower, Sector-18",201301,NOIDA,Uttar Pradesh,77.32,28.57,,,,,0120-4267577,,,Dipak@vsenviortech.com,,vsenviortech.com,
319,Welspun Energy Pvt. Ltd.,default-img.png,"C-11, Sector-65",201307,NOIDA,Uttar Pradesh,77.38,28.61,,,,,0120-6757122,Fax: 0120-4128330,,kunal_pragati@welspun.com,,welspun.com,
320,Agni Power & Electronics,default-img.png,"114, Rajdanga Gold Park, 1st Floor",700707,Kolkata,West Bengal,88.38,22.51,,,,,033-40610038,,,info@agnipower.com,,www.agnipower.com,
321,Agni Power and Electronics Ltd.,default-img.png,"10/72, Bijoygarh",700092,Kolkata,West Bengal,88.35,22.48,,,,, 033-2412-7367,,,,,,
322,Annapurna Export,default-img.png,"Ajir Bagan More, Kanchannagar",713102,Burdwan,West Bengal,87.8,23.23,,,,,0342-3202506,Fax: 0342-2638116,,,,,
323,Enfield Infrastructure,default-img.png,"CF-255, Salt Lake City, Sector-1,",700064,Kolkata,West Bengal,88.4,22.59,,,,,033-40191919,,,mail@sonthaliagroup.com,,www.sonthaliagroup.com,
324,Environ Energy Corp. India Pvt. Limited,default-img.png,"#1st Floor, 2/3 Judges Court Road, Alipore",700027,Kolkata,West Bengal,0,0,,,,,033-24490221,Fax: 033-24490220,,info@bhaskarsolar.com,,bhaskarsolar.com,
325,Kirti Solar,default-img.png,"10A, Middleton Row, 2nd Floor",700071,Kolkata,West Bengal,88.35,22.55,,,,,033-4064 6077/79,,,info@kirtisolar.com,,www.kirtisolar.com,
326,Kirti Solar Ltd.,default-img.png,"56D, Mirza Ghalib Street, 2nd Floor",700016,Kolkata,West Bengal,88.35,22.55,31,ICRA,2B,A,033 4064 6077 / 79,,,,,,
327,Modern Solar Pvt. Ltd.,default-img.png,"Azimganj House, 3rd Floor, 7 Camac Street",700017,Kolkata,West Bengal,88.35,22.54,833,ICRA,3B,B,033-65228530,Fax: 033-22828906,,modernsolar@gmail.com,,www.modernsolar.co.in,
328,"Philips Electronics India Ltd., Kolkata",default-img.png,"7, Justice Chandra Mashab Road",700020,Kolkata,West Bengal,88.27,22.55,,,,,91-9717080905,,,Vidyashankar.krishna@philips.com,,philips.com,
329,Pulse Power Technologies Pvt. Ltd.,default-img.png,"502C, Kamalalaya Centre, 156 A Lenin, Sarani",700013,Kolkata,West Bengal,88.36,22.56,,,,,033-22154705/0301,Fax: 033-22251273,,saikat@pulsepower.net,,,
330,Punam Energy Pvt. Ltd.,default-img.png,"1A, DL Khan Road, Jaju Bhawan",700027,Kolkata,West Bengal,88.33,22.53,,,,,033-22238105,,,VJ@onergy.in,,www.onergy.in,
331,Silversun Solar Systems Pvt. Ltd.,default-img.png,"Rupnagar, Sonarpur",700150,Kolkata,West Bengal,88.44,22.43,,,,,033-64572748,,,lalmohan2222@gmail.com,,silversunsolarsystems.co.,
332,Solace Renewable Energy Pvt. Ltd.,default-img.png,"#20, Kankullia Road",700029,Kolkata,West Bengal,88.36,22.51,,,,,033-65356925,Fax: 033-24406503,,,,,
333,Sulekha Works Ltd.,default-img.png,"142C, Raja S.C. Mullick Road (Near Central Park), Jadavpur",700032,Kolkata,West Bengal,88.37,22.49,,,,,033-24259414,Fax: 033-24257988,,sulekhaworks@gmail.com,,,
334,Sunshine Power Products Pvt. Ltd.,default-img.png,"Sunshine House, Hanspukur Green Park, Bakrahat Road",700104,Kolkata,West Bengal,88.28,22.44,,,,,03324980476/24980522/,91 9831078753,,,,,
335,Swastik Enterprises,default-img.png,"1025A, Hospital Street, 3rd Floor, Suite26 no. 303",700072,Kolkata,West Bengal,88.35,22.56,,,,,033-22152570,Fax: 033-22151531,,,,,
336,Vikram Solar,default-img.png,"The Chambers, 8th Floor, 1865, Ajdanga, Main Road",700107,Kolkata,West Bengal,0,0,,,,,"033-24427299,24427399",,,sales@vikramsolar.com,,www.vikramsolar.com,
337,Vikram Solar Pvt. Ltd.,default-img.png,"Tobacco House 1, Old Court House Corner",700001,Kolkata,West Bengal,88.34,22.57,,,,,033-22307299,Fax: 033-22484881,,info@vikramsolar.com,,vikramsolar.com,
338,Sprien Systems,default-img.png,New naroda,,Ahmedabad,Gujarat,0,0,,,,,,,,khushal@yugtia.com,,,Service company
339,temp,default-img.png,,380006,ahmd,gujarat,0,0,,,,,,,,,,,
340,Sprien Systems,20160409030451.jpg,Bopal Ahmedabd,382330,Ahmedabad,Gujarat,0,0,,,,,,,,,,,Solar Company
341,Indus Solar systems,default-img.png,,,Ahmedabad,Gujarat,0,0,,,,,,,,,,,
342,Deep Solar systems,default-img.png,,,Ahmedabad,Gujarat,0,0,,,,,,,,,,,
343,True Solar Limited.,default-img.png,New Ranip Ahmedabad,,Ahmedabad,Gujarat,0,0,,,,,,,8866554433,pavan@yugtia.com,,,India based solar company
344,abc,default-img.png,,380006,ahmd,gujarat,0,0,,,,,,,9979901106,riya_gajjar23@gmail.com,,,
345,temp,default-img.png,,380026,ahmedabad,gujarat,0,0,,,,,,,9979901106,bar@gmail.com,,,
346,ddd,default-img.png,,380008,ahmd,gujarat,0,0,,,,,,,9979901106,bar1@yugtia.com,,,
347,Goldi Green Technologies Pvt. Ltd,default-img.png,"#278, Pajwa Falia, Off. Katargam Road, Surat- 395004, Gujarat",395004,Surat,Gujarat,72.83,21.21,110,ICRA,3B,,,,,,,,
348,Acme Tele Power Ltd.,default-img.png,"Plot No. 152, Sector- 44, Opp. Mothers Pride School, Gurgaon- 122002",122002,Gurgaon,Haryana,72.81,18.97,,,,,,,,,,,
349,Jain Irrigation Systems Ltd.,default-img.png,"Jain Energy park, Shiroli Road, PO Box No 20 Jalgaon 425001",425001,Jalgaon,Maharashtra,75.47,21,,,,,,,,,,,
350,Chemtrols Solar Pvt. Ltd.,default-img.png,"Amar Hill, Saki Vihar Road, Saki Vihar, Powai, Mumbai-400072, ",400072,Mumbai,Maharashtra,72.88,19.12,,,,,,,,,,,
351,Inspira Martifer Solar Ltd.,default-img.png,"#21, Satyam, 318 Linking Road, Khar(West), Mumbai-400052",400052,Mumbai,Maharashtra,72.83,19.07,,,,,,,,,,,
352,IntelliDecs Pvt. Ltd.,default-img.png,"#8-2-120/76, Plot No. 89 Lane Adj. Annapurna Studio, Road no. 2, Banjara Hills, Hyderabad-500034",500034,Hyderabad,,78.42,17.42,,,,,,,,,,,
353,Greentek India Pvt. Ltd.,default-img.png,"Plot No. 8, Lepakshi Colony, West Maredpally, Secunderabad-500026",500026,Secunderabad,Andhra Pradesh,78.5,17.45,,,,,,,,,,,
354,Kohima Energy Pvt. Ltd.,default-img.png,"B-87, 3rd Floor, Lane No. 3, Street No. 3, Airlines Colony Begumpet, Hyderabad-500003",500003,Hyderabad,Andhra Pradesh,78.47,17.44,,,,,,,,,,,
355,Urja Global Ltd.,default-img.png,"487/63, 1st Floor, National Market, Peeragarhi, New Delhi-110087",110087,New Delhi,Delhi,77.09,28.67,,,,,,,,,,,
356,Premier Solar Systems Pvt. Ltd,default-img.png,"3rd Floor, VV Towers, Kharkhana Main Road, Secunderabad",500015,Secunderabad,Andhra Pradesh,78.49,17.45,184,ICRA,2B,A,8008522644,,,info@premirsolarepc.com,,,
357,Sterling and Wilson Ltd*,default-img.png,"Sterling & Wilson House, C-56/38, Sector-62, Noida (U.P)",,NOIDA,Uttar Pradesh,77.36,28.61,,,,,,,,,,,
358,Environ Energy Corp. India Pvt. Ltd*.,default-img.png,"#1st Floor, 2/3 Judges Court Road, Alipore, Kolkata- 700 027",700027,Kolkata,West Bengal,88.32,22.52,,,,,,,,,,,
359,ArvindAccel,default-img.png,"Arvind Mill Premises, Naroda Road, Ahmedabad 380025, Gujarat",380025,Ahmedabad,Gujarat,72.61,23.04,,,,,,,,,,,
360,AVI Appliances,default-img.png,"65-66, Narayan Industrial Estate, Opp. Raipur Mill Compound, Saraspur, Ahmedabad-380018, Gujarat",380018,Ahmedabad,Gujarat,72.61,23.02,,ICRA,3B,,,,,,,,
361,Azure Power,default-img.png,"8, Local Shopping Complex, Pushpvihar, Madangir 110062, New Delhi",110062,New Delhi,Delhi,77.22,28.52,,,,,,,,,,,
362,C & S Electric,default-img.png,"222, Okhla Industrial Estate, Phase III 110020, New Delhi",110020,New Delhi,Delhi,77.26,28.54,,,,,,,,,,,
363,Emeral Energy Solutions,default-img.png,"215, Chandraprabhu Complex, Near Sardar Patel Statue, Naranpura, Ahmedabad 380013, Gujarat",380013,Ahmedabad,Gujarat,72.55,23.04,,,,,,,,,,,
364,Gensol Consultants,default-img.png,"205-206, 2nd Floor, Sarthik II, S.G.Highway, Ahmedabad 380015, Gujarat",380015,Ahmedabad,Gujarat,72.51,23.02,,,,,,,,,,,
365,InspiraMartifier Solar,default-img.png,"21, Satyam, 318, Linking Road, Khar(West), Mumbai 400052, Maharashtra",400052,Mumbai,Maharashtra,72.82,19.05,,,,,,,,,,,
366,Jakson Power Solution,default-img.png,"A 43, Phase II, Extension, Noida 201305, Uttar Pradesh",201305,NOIDA,Uttar Pradesh,77.39,28.53,,,,,,,,,,,
367,KEC International,default-img.png,"RPG House, 463, Dr. Annie Besant Road, Worli, Mumbai 400030, Maharashtra",400030,Mumbai,Maharashtra,72.79,18.98,,,,,,,,,,,
368,Kirloskar Brothers,default-img.png,"Yamuna Buiding, survey No. 98/3-7, Baner Road, Pune 411045, Maharashtra",411045,Pune,Maharashtra,73.76,18.56,,,,,,,,,,,
369,KP Buildcon,default-img.png,"A 1 and 2, firdous tower, New Rander Road, AdajanPatia, Surat 395009, Gujarat",395009,Surat,Gujarat,72.8,21.19,,,,,,,,,,,
370,Lanco Solar Energy,default-img.png,"Plot No. 404-405, 2nd Floor, Phase III, Udyog Vihar, Gurgaon 122016, Haryana",122016,Gurgaon,Haryana,77.08,28.5,,,,,,,,,,,
371,Larsen & Tourbo,default-img.png,"L&T House, Ballard Estate, Mumbai 400001, Maharashtra",400001,Mumbai,Maharashtra,72.78,18.98,,,,,,,,,,,
372,Mohan Energy Corporation,default-img.png,"Mohan House, Community Center, 8-9 Zamrudpur, Kailash Colony extn. 110048, New Delhi",,New Delhi,Delhi,77.23,28.55,,,,,,,,,,,
373,NMTronics India,default-img.png,"SDF NO. E-17 & C-2, Noida SEZ, Noida Dadri Road, Phase II, Noida 201305, Uttar Pradesh",201305,NOIDA,Uttar Pradesh,77.39,28.53,,,,,,,,,,,
374,NanoPV Voltech Solar,default-img.png,"Voltech Eco Tower, 2/249, Mount Poonamallee Road, Ayyappanthangal, Chennai 600056, Tamil Nadu",600056,Chennai,Tamil Nadu,79.96,13,,,,,,,,,,,
375,RK Tech India,default-img.png,"GF-25, anna Nagar Plaza, C-47, Second Avenue, Chennai 600040, tamil Nadu",600040,Chennai,Tamil Nadu,80.2,13.08,,,,,,,,,,,
376,Schneider electric India,default-img.png,"9th Floor, DLF Building No. 10, Tower C, DLF Cyber City, Phase II, Gurgaon 122002, Haryana",122002,Gurgaon,Haryana,73.73,20,,,,,,,,,,,
377,Statcon Power Control,default-img.png,"A-34, Sector-59, Noida 201301, Uttar Pradesh",201301,NOIDA,Uttar Pradesh,77.36,28.6,,,,,,,,,,,
378,Sunedison,default-img.png,"Menon eternity, 10th Floor, 165, St, Marys Road, Alwarpet, Chennai, Tamil Nadu",,Chennai,Tamil Nadu,80.25,13.02,,,,,,,,,,,
379,Su-Kam Power Systems,default-img.png,"Plot No. 54, Udyog Vihar, Phase VI, Sector 37, Gurgaon 122001, Haryana",12001,Gurgaon,Haryana,77,28.43,,,,,,,,,,,
380,Veddis Solars,default-img.png,"Plot No. 13, Telecom Nagar, Gachibowl, Hyderabad 500048, Andhra Pradesh",500048,Hyderabad,Andhra Pradesh,78.41,17.36,,,,,,,,,,,
381,Waaree Energies,default-img.png,"602, Western Edge-I, Off. Western Express Highway, Borivali(East), Mumbai 400066, Maharashtra",400066,Mumbai,Maharashtra,72.86,19.21,,,,,,,,,,,
382,Azure Power ,default-img.png,"8, Local Shopping Complex, Pushp Vihar, Madangir 110062, New Delhi",110062,New Delhi,Delhi,77.22,28.52,,,,,,,,,,,
383,C&S Electric,default-img.png,"222, Okhla Industrial Estate, Phase III 110020, New Delhi",110020,New Delhi,Delhi,77.26,28.54,,,,,,,,,,,
384, Etain ImMoDo Renewables Ltd,default-img.png,"72, Palodia, (Via Thaltej ) Ahmedabad ,Gujarat - 382115, India",352115,Ahmedabad,Gujarat,72.35,23.06,,,,,,,,,,,
385,Muses Solaire Pvt. Ltd.,default-img.png,"A-48 Rajlaxmi Complex, Opp. HSBC Bank, Nr . Shivmahal, J.P. Road,Â  Vadodara- 390 007",390007,Vadodara,Gujarat,73.16,22.3,,,,,,,,,,,
386,Max Energy Care,default-img.png,"L/14 ,Swastik Plaza, Nr. Sardar Patel Road, Nr.Gopi Dairy,Navrangpura, Ahmedabad-380009",380009,Ahmedabad,Gujarat,72.51,23.03,,,,,,,,,,,
387,Greenfield Technologies ,default-img.png,"S-17, Madhuvihar CHS, St Inez, Panaji, Goa",,Panaji,Goa,73.81,15.49,,,,,,,,,,,
388,Crux Power,default-img.png,"2355, Near Indira Maidan, CRP Square, Nayapalli, Bhubaneswar - 751012, Odisha, India",751012,Bhubaneswar,Odisha,85.8,20.28,,,,,,,,,,,
389,Auro Power Systems (P) Ltd.,default-img.png,"#33, Dena Bank Colony, Behind Karnataka Kalyana Mantap, 2nd Cross, Ganganagar, Bangalore 560032 ",560032,Bangalore,Karnataka,77.58,13.02,,,,,,,,,,,
390,GreenSol Renewable Power Pvt. Ltd.,default-img.png,"# 28A, 2nd Phase, Peenya Industraial Area, Bangalore-560058",560058,Bangalore,Karnataka,77.51,13.02,,,,,,,,,,,
391,Suntrace  GmbH,default-img.png,"Level 15, Eros Corporate Tower, Nehru Place, New Delhi,INDIA - 110019",110019,New Delhi,Delhi,77.24,28.55,,,,,,,,,,,
392,ECO Librium Energy,default-img.png,"504 Venus Atlantis, 100 Ft Anand Nagar Road, Prahladnagar, Ahmedabad 380015, India.",380015,Ahmedabad,Gujarat,72.5,23.01,,,,,,,,,,,
393,Mharatna Engineering Corporation,default-img.png,"Kailash Sadan, 1487, Gupteshwar, Jabalpur",,,Madhya Pradesh,79.91,23.14,,,,,9425802060,,,mharatna@gmail.com,,,
394,Bhattacharyya Engineering,default-img.png,"North Bakshara , Pal Para, P.O : Bakshara , P.S : Santragachi",,Howrah,West Bengal,88.28,22.58,,,,,9433025284,,,debta2007@gmail.com,,,
395,Durga Solar Enterprise,default-img.png,"Barabagan Byepass, P.O- Barabagan,P.S- Suri, Dist- Birbhum,West Bengal, Pin-731103",731103,Birbhum,West Bengal,0,,,,,,8972419508,,,durgasolar@yahoo.in,,,
396,Kepl Electricals Private Limited,default-img.png,"9/2 Ekdalia Place, Ground Floor, Kolkata - 700019, West Bengal",700019,Kolkata,West Bengal,88.36,22.51,,,,,9831085075,,,keplelectricals@gmail.com,,,
,Klystron Electronics Private Limited,,"9/2 Ekdalia Place, Ground Floor Kolkata - 700019, West Bengal",700020,Kolkata,West Bengal,88.36,22.51,,,,,8584821861,,,info.klystron@gmail.com,,,
397,Advanced Electronic Systems,default-img.png,"40-Dsidc Complex Okhla Industrial Area, Phase-1 ",110020,New Delhi,Delhi,77.27,28.52,,,,,9810262388,,,kapuraes@airtelmail.in,,,
398,Ashray Trader,default-img.png,"Plot No - 153 , Industrial Area , Ph - 2 ",160002,Chandigarh,Chandigarh,73.2,22.29,,,,,9814413748,,,ashraychd@yahoo.co.in,,,
399,Dpg Sansthan,default-img.png,"503, Sector 13, Near Munshi Pulia, Lucknow",226016,Lucknow,Uttar Pradesh,80.99,26.88,,,,,9993006686,,,ipagrahari@gmail.com,,,
400,Elmech Engineers,default-img.png,1402 Chiranjiv Tower 43 Nehru Place ,110019,New Delhi,Delhi,77.17,28.57,,,,,9818820522,,,prachur@elmechengineers.com,,,
401,Hiq Power Associates Private Limited,default-img.png,"No.7, B-Wing, 9th Floor, Parsn Manere, Old No-602, New No-442, Anna Salai, Anna Salai",600002,NOIDA,Delhi,80.24,13.05,,,,,9571881092,,,hiqpower@gmail.com,,,
402,Integrated Batteries India Private Limited,default-img.png,"D-127, Sector-63",,NOIDA,Uttar Pradesh,77.27,28.62,,,,,9810012731,,,abhinav.mahajan@integratedbatteries.com,,,
403,Pushpa Sales Private Limited,default-img.png,"551 JHA/148 2nd Floor, Alambagh",226005,Lucknow,Uttar Pradesh,80.89,26.82,,,,,9598912575,,,ajay.rawat@pushpagroup.com,,,
404,Roop Arinna Fabricators Private Limited,default-img.png,First Floor Plot No.30 Sector 3 IMT Manesar ,112050,Gurgaon,Haryana,76.92,28.36,,,,,9711200698,,,info@arinnasun.com,,,
405,Sai Solar Technology Private Limited,default-img.png,"J-15, 2nd Floor B S Complex Bishapura Sector 58",,NOIDA,Uttar Pradesh,77.35,28.6,,,,,9136581855,,,info@saisolar.in,,,
406,Sds Solar Private Limited,default-img.png,"Registered Address:C2/388 Janak Puri New Delhi-110058 Plant Address:- Village Burak, Balsamand Road,",110058,New Delhi,Delhi,77.08,28.61,,,,,9810042464,,,railindia@gmail.com,,,
407,Skyline Solar Private Limited,default-img.png,"Sco-183,First Floor, Sector 7 C",160019,Chandigarh,Chandigarh,76.74,30.71,,,,,9915177160,,,info@skylinesolar.in,,,
408,Sunterrace Energy Private Limited,default-img.png,"First Floor, C-8/5, Sector 26a, DLF Phase 1, Gurgaon",122002,Gurgaon,Haryana,77.09,28.46,,,,,8826720202,,,vinay@sunterrace.in,,,
409,Tracksun Solar Private Limited,default-img.png,"303, Pragati Deep Tower, Near Nirman Vihar Metro Station, District Centre, Laxmi Nagar",110092,New Delhi,Delhi,77.28,28.63,,,,,8802716387,,,ashish.tracksun@gmail.com,,,
410,Transition Solutions,default-img.png,Bankey Ganj Road Gola Gokaran Nath ,,Kheri,Uttar Pradesh,80.38,28.2,,,,,9415232598,,,info@mysolarindia.com,,,
411,T&T Projects Limited,default-img.png,"T-3, Parmeshwari Building, Chatribari Road, Kamrup Metropolitan, Guwahati",781001,Guwahati,Assam,91.73,26.14,,,,,9435544525,,,vjalan@tntprojects.in,,,
412,Abhishek Enterprises ,default-img.png,"G-2, Chetan Apartment, Opp. Anjoy Restaurant, Jetalpur Road, Alkapuri, Vadodara",390007,Vadodara,Gujarat,73.16,22.3,,,,,9727713162,,,abhishek.avarani@gmail.com,,,
413,Alternate Energy Corporation,default-img.png,"Alternate Energy Corporation MC Road, Angamaly P O, Ernakulam District, Kerala",,Ernakulam,Kerela,76.38,10.19,,,,,9388607010,,,peterthettayil@hotmail.com,,,
414,Amara Raja Power Systems Limited,default-img.png,"Amara Raja Power Systems Limited Renigunta, Cuddapah Road, Karakambadi",517520,Tirupati,Andhra Pradesh,79.5,13.67,,,,,8106895066,,,srk@amararaja.co.in,,,
415,Enolar Systems Marketing Private Limited,default-img.png,"#697, 6th Main Road, Vijaynagar",560040,Bangalore,Karnataka,77.54,12.97,,,,,9902531012,,,enolar@gmail.com,,,
416,Espen Enterprises,default-img.png,"4 D Periclase Palace, Chinnammal St K K Pudur, Coimbatore- 641038, TAMIL NADU",641038,,Tamil Nadu,76.93,11.02,,,,,9994441223,,,espen.energy@gmail.com,,,
417,Frontline Systems & Services Private Limited,default-img.png,"3, 2nd Cross, 1st Main Road, Mangala Nagar, Porur",,Chennai,Tamil Nadu,80.15,13.03,,,,,9444088901,,,ari@frontlineups.com,,,
418,Millenium Synergy Private Limited,default-img.png,"No.16, 3rd Main Road, Sakamma Garden Basavangudi",560004,Bangalore,Karnataka,77.57,12.93,,,,,9845038047,,,milleniumsynergy@yahoo.com,,,
419,Rich Phytocare Private Limited,default-img.png,"No.24 UTHAMAPALAYAM ROAD, BODINAYAKANUR ",625513,Theni,Tamil Nadu,77.26,9.9,,,,,9894061797,,,richkarthi@gmail.com,,,
420,Solartech,default-img.png,"Room No. 149, Ars Shopping Complex Athani",680581,Thrissur,Kerela,76.21,10.61,,,,,9744076402,,,madhu@solartechind.com,,,
421,Sun Sine Solution Private Limited,default-img.png,"Flat 5, First Floor, Sapthagiri Apartments, #83, T T K Road, Alwarpet ",600018,Chennai,Tamil Nadu,80.25,13.03,,,,,9500016391,,,venkatv@sunsinesolution.com,,,
422,Sure Energy Systems Private Limited,default-img.png,"Sure Energy Systems Private Limited, 6-3-1090/C/A/501, Lovely Mansion, Somajiguda",500082,Hyderabad,Andhra Pradesh,78.45,17.42,,,,,7680990966,,,sapna.k@sureenergysys.com,,,
423,Vigor Solar Energy Private Limited,default-img.png,"G-13 Elcanso Complex, No 10 Casa Major Road Egmore",600008,Chennai,Tamil Nadu,80.25,13.07,,,,,9003047542,,,samin@vigorsolar.in,,,
424,Enrich Energy Private Limited,default-img.png,"302, Third Floor, The Orion Building, 11/1c, Koregaon Park Road",411001,Pune,Maharashtra,73.88,18.53,,,,,7774002990,,,ppradeep@enrichenergy.com,,,
425,Gears Energy Solutions Private Limited,default-img.png,"H-375, Sitapura Industrial Area, Near Chitrala Circle",302022,Jaipur,Rajasthan,75.76,26.81,,,,,8696922133,,,raj.b@gearsenergy.com,,,
426,Glow Energy Transmission,default-img.png,"1st Floor, Bershettiwar Complex, Near Jyothi Collection , Beside CDCC Tukum Branch , Tadoba Road , Tukum",442401,Chandrapur,Maharashtra,79.29,19.97,,,,,9822738973,,,glowsolar@yahoo.com,,,
427,Green India Power Energy,default-img.png,"Plot No. 1732, Nr. Hanuman Temple, Hanuman Dr.Lohiya Ward, Ring Road",441614,Gondia,Maharashtra,80.18,21.46,,,,,9422833627,,,cipmnagpur@rediffmail.com,,,
428,Kanoda Energy Systems Private Limited,default-img.png,"1st Floor, Giriraj Complex Opp. Bank Of Baroda, Nr. Sardar Patel Cross Road, Naranpura",380013,Ahmedabad,Gujarat,72.55,23.05,,,,,9624000265,,,kinjal.jani@kanoda.com,,,
429,Mecgale Pneumatics Private Limited,default-img.png,"N-65, M.I.D.C., Hingna Road",440016,Nagpur,Maharashtra,79.03,21.12,,,,,9225337001,,,nilesh.dhage@mecgale.com,,,
430,Pearl Energy Solutions India Private Limited,default-img.png,"118a , Office No 27 , Gold Wings , Behind Aditya Nakoda Enclave , Sinhgad Road , Parvati",411030,Pune,Maharashtra,73.79,18.45,,,,,9422304460,,,ceo@madhurisolarpune.com,,,
431,Saur Engineers & Consultants Private Limited,default-img.png,"D8, Plot No. 108, Akshay Soc., RSC-16, Gorai-1, Borivali (W)",400091,Mumbai,Maharashtra,72.82,19.22,,,,,9867499812,,,ashutoshthakur21@gmail.com,,,
432,Seral Gentech Private Limited,default-img.png,"S-13, Vinayak Business Point, Ajmer Road, Sodala",302019,Jaipur,Rajasthan,75.76,26.9,,,,,9672997520,,,info@seralgentech.com,,,
433,Seven Greens Solar Systems Private Limited,default-img.png,"33-34/1, Shree Ram Chs, Near Ram Mandir Road, Khernagar, Bandra East",400051,Mumbai,Maharashtra,72.84,19.06,,,,,9820364573,,,akshay.borkar@7greens.in,,,
434,Techno Industries Limited,default-img.png,"Plot No. 5002, Phase - Iv, G I D C, Vatva",382445,Ahmedabad,Gujarat,72.63,22.97,,,,,9898994422,,,account@technoelevators.com,,,
435,Trupti Electronics,default-img.png,"G-12, Mantri Avenue-2, Panchwati, Pashan",411008,Pune,Maharashtra,73.8,18.53,,,,,9689917501,,,trupti.electronics@gmail.com,,,
A1,Redren Energy Private Limited,,"Survey No 154/1, NH-27, Opp. Rangpur bus Stop, Wankaner",363621,Morbi,,,,87,ICRA,3B,B,9925992557,,,info@redren.in,,www.redren.in,
2,Concept Hydro Pneumatic Pvt. Limited,,"33’B’ , 2nd Phase, Peenya Industrial",560058,Bangalore,,,,65,ICRA,3B,B,080-28375053/08028375054,,,info@concepthydro.com; concept_hydr_pn@hotmail.com,,,
3,Refex Energy Limited ,,"202, 2nd floor, Centre Point,  Opp. Parel Post Office, Jijibhoy Lane Lalbaug",400012,Mumbai,,,,120,CRISIL,2B,A,044-43405950,,,admin@refexenergy.com,,www.refexenergy.com,
4,Sri Savitr Solar Private Limited,,"Plot no. 28/1 H.No 103, Om Sai Nilayam, Plot no. 28/1 H.No 103, Om Sai Nilayam
Madhavaram Nagar Kukatpally",500072,Hyderabad,,,,139,ICRA,2C,A,9440980812,,,sales@srisavitrsolar.com,,www.srisavitrsolar.com,
5,TRA International Knowledge Services,,"212 A, Indra Prakash Building 21 Barakhamba Road",110001,New Delhi,,,,155,ICRA,2A,A,011-43579200,,,info@trainternational.com,,www.trainternational.com,
6,E-Hands Energy (I) Private Limited,,"1B, Lavanya Apartments, No. 12 IVTH Seward Road, Valmiki Nagar",600041,Thiruvanmipur,,,,161,ICRA,3C,B,,,,,,,
7,Zenom Solar Power,,"7/1A, Grant Lane",700012,Kolkata,,,,165,CRISIL,3C,B,040-40064523,,,info@zenomsolarpower.com,,zenomsolarpower.com,
8,G K Energy Marketers Private Limited,,"F.No 350 B No 25 Ground Floor Lokmanya, Nagar LBS Main Road Near Dandekar Bridge Circle",411030,Pune,,,,179,CRISIL,2C,A,020-24321115,,,info@energymarkerts.in,,energymarketers.in,
9,Geetanjali Solar Enterprise,,"P-14 Kasba Induastrial Esate 1 E.M Bye P.O, East Kolkata Township",700107,Kolkata,,,,183,ICRA,2C,A,033-24424027,,,solar.gse@gmail.com,,www.geetanjalisolar.com,
10,SolPower Green Private Limited,,9/3 varma Nagar Azad Road Andheri (East),400069,Mumbai,,,,198,CARE,3D,C,022 26838923,,,solpowergreen@hotmail.com,,,
11,Starway Energy Private Limted,,29-A Rana Pratap Enclave Victoria Park,250001,Meerut,,,,201,CARE,3D,C,9810477254,,,sharmaanuragtoo@gmail.com,,,
12,G1 Energy Solutions Private Limited,,"204, B.K. Apartment 247 Deccan College Road, Yerwada",411006,Pune,,,,205,CARE,4D,C,020 26683974,,,info@glenergysolutions.com,,,
13,Moopens Energy Solutions Private Limied,,"Building No. 2/159, Smart Tower, Muttom Aluva",683106,Ernakulam,,,,214,ICRA,3C,B,0484 2625383,,9946788881-86,contact@sunsenz.in,,www.sunsenz.com,
14,Pushan Renewable Enrgy Private Limited,,"A 701 Elite Anmol, Bicholi Hapsi Road",452001,Indore,,,,220,CARE,4E,C,75668 88830,,,contact-us@pushan.in,,pushan.in,
15,Ozone Plant Design Services Private Limited,,"201-204, Aggarwal City Square Mangalam Place Sector-3, Rohini",110085,New Delhi,,,,223,CRISIL,3C,B,011 46102351,,,infor@ozone-group.net,,www.ozone-group.net,
16,Greesol Renewable Power Private Limited,,No. 28A 2nd Phase Peenya Industrial Area,560058,Bangalore,,,,229,ICRA,2C,A,080 69999750,,,sales@greesolgroup.com,,,
17,Bengal Sun Solar Energy (I) Pvt. Ltd.,,"3, B.L Mukherjee Road",700049,Kolkata,,,,245,CRISIL,3C,B,033 60506060,,,info@careofenergy.com,,www.careofenergy.com,
18,Naolin inffrastructure Pvt. Ltd.,,"6-3-873/1 flat no 202 Arien Apartment, Somajiguda",500082,Hyderabad,,,,246,ICRA,3C,B,040 23400391,,,naolininfra@gmail.com,,,
19,Greenroof Solar Pvt. Ltd.,,"Kiliyankal Towers Opp. Civil Station Seaport, Airport Road Kakkanand",682030,Kochi,,,,261,ICRA,3C,B,0484 3199822,,,info@greenroofsolar.in,,,
20,Su Solartech System Pvt. Ltd.,,SCO 184 Opp. Sports Complex Sec 7-C,160019,Chandigarh,,,,269,ICRA,3C,B,0172 2792576,,,info@susolartech.com,,www.susoalrtech.com,
21,Metropolitan InfraBuild Development and Service Pvt. Ltd.,,"A-16 Dharampali Place Near Vinayak Hospital, Sector 37",201301,NOIDA,,,,271,FITCH,3C,B,0120 6999994,,,info@midasindia.org,,www.midasindia.org,
22,Ravindra Energy Limited,,"BC- 105, Havelok Road Camp",590001,Belgaum,,,,300,FITCH,3C,B,9810385217,,,,,www.ravinderenergy.com,
23,Koto Trade & Service Pvt. Ltd.,,"E-153, Forest lane Near Sainik",110068,New Delhi,,,,312,FITCH,3C,B,011 29533126,,,mikadsolar@hotmail.com,,,
24,Nano Sciences and Ozone Technologies Pvt. Ltd.,,"Devi Plaza No. 3, 9th D Cross 4th Block HBR, Layout Near Hennur Circle Ring Road",560043,Bangalore,,,,317,CARE,3C,B,,,,support@ozoneoxygen.com,,ozoneoxygen.com,
25,Esso Fab Tech Pvt. Ltd.,,"14/A Kanjibahi Industrial Estate Opp. Ramvadi, Weigh Bridge Nr. Vinzol Patiya,  Mehemadabad Road",382445,Ahmedabad,,,,332,ICRA,4D,C,079 2584101,,9998715573,essofabtech@gmail.com,,,
26,Unitop Power Electronics Pvt. Ltd.,,C-124 Flatted Factory Complex Okhla- III,110020,New Delhi,,,,349,FITCH,3B,B,011 26311484,,,info@unitopower.in,,www.unitoppower.com,
27,Olympus Power pvt. Ltd.,,"Plot no 16, Sector 10, PCNTD, near Times of India press, Bhosari",411026,Pune,,,,361,CARE,4D,C,9922430203,,,,,,
28,Qubic Suntrack Energy System Pvt. Ltd.,,"Flat No.7,  Building A Shantivardhah Society, Erandwane off Karve Road",411004,Pune,,,,368,CARE,3B,B,,,,,,,
29,Sun Globe Energy Pvt. Ltd.,,"H.no. 43, 25 Acre Scheme Improvement Trust",148101,Barnala,,,,373,SMERA,4C,C,01679 237167,8194826667,9814425901; ,sales@sunglobeenergy.in,,www.sunglobeenergy.in,
30,Vinova Energy Systems Pvt. Ltd.,,"Plot no. 12 Crescent Buildings Opp., Government Hospital Tank Street",635109,Hosur,,,,382,CARE,4D,C,04344 225512,,,contact@vinova.in,,,
31,Cira Renewable Energy Private Limited,,"MIG B- 15 Dr. A.S. Rao Nagar, ECIl Post",500062,Hyderabad,,,,392,CARE,3C,B,040 27130465,,,,,www.cirenewable.com,
32,Iacharya Silicon Limited,,"New No. 120 B (Old No. 332/2) Chitra Tower, Arcot Road Kodambakkam",600024,Channai,,,,408,ICRA,3C,B,044 43565238,,,info@iacharya.com,,www.icharya.com,
33,Bluearth Energy Pvt. Ltd.,,"F-152, SK Puri  ",801101,Patna,,,,445,ICRA,2D,C,9473351493,,,mukul@bluearth.in,,www.bluearth.in,
34,Saura Shakt,,H.No. 113-B Eshwaripuri Colony Sainikpuri,500094,Secunderabad,,,,446,SMERA,3C,B,040 65123355,,9849801072,sales@saurashakthi.com,,www.saurashakthi.com,
35,Systemic Electric Pvt. Ltd.,,39 Crown Plaza Neelam Bata Road NIT,121008,Faridabad,,,,457,CARE,4D,C,019 4103003,,,info@systemicelectric.com,,www.systemicelectric.com,
36,Atlanta energy Pvt. Ltd.,,"8/26, 1st Floor East Patel",110008,New Delhi,,,,458,CARE,3D,D,011 45008391,,,atlanta@atlantaenergy.in ; sales@atlantaenergy.in,,www.atlantaenergy.in,
37,Capaital Business System,,"G-13, Udyog Nagar Industrial Area Peera Garhi",110041,,,,,464,CRISIL,3B,B,9810322882,,,sksingh@cbsl-india.com ; info@cbsl-india.com,,www.cbsl-india.com,
38,VS Saurya enertech Pvt. Ltd.,,"864 Udyog Vihar, Phase V",122021,Gurgaon,,,,481,ICRA,3C,B,,,,,,,
39,Vsenvior Tech Pvt. Ltd.,,"601, 6th floor, Wave Silver Tower Sector 18, Gautam Budh Nagar",201314,NOIDA,,,,486,SMERA,3C,B,0120 4267577,,,info@vsenviortech.com,,www.vsenviortech.com,
40,Bluebird Solar ,,"1027 A, 12th Floor KLJ Tower North Netaji, Subhash Place",110034,New Delhi,,,,487,CRISIL,3D,C,011 47052209,,,info@bluebirdsolar.in,,www.bluebirdsolar.in,
41,Alectrona Papers and Energy Limited,,No.24 Old No. 32 South Street Mylapore,600004,Chennai,,,,515,CARE,3B,B,,,,,,,
42,Empire Photovoltaics Systems Pvt. Ltd.,,"201/A, Anshu Colors Floor 2 Plot 70, Road 1, Jubilee Hills",500033,Hyderabad,,,,520,CARE,3C,B,040 23545512,,,info@epssolar.com,,www.epssolar.com,
43, Solar Power Pvt. Ltd.,,"No. 35, 1st floor Service Road Near SBI, Malagala, New Ring Road,",560091,Bangalore,,,,532,CARE,4C,C,080 23188755,,,sales@swibesolar.com; info@swibesolar.com,,www.swibesolar.com,
44,Solar Energy Co-operative Society ltd.,,"4/229, Vishal Khand Gomti Nagar",226010,Lucknow,,,,534,CARE,3C,B,0522 4080955,,,,,,
45,V-Gaurad Industries Limited,,44/875LFC Road Kaloor,682017,Ernakulam,,,,562,ICRA,2A,A,0484 3005000,,,,,,
46,Amara Raja Batteries Limited,,1-18/1/AMR /NR Nanakramguda Gachibowli,500032,Hyderabad,,,,591,ICRA,2C,A,040 23139000,,,mktg@amararaja.co.in,,www.amararaja.co.in,
47,Amara Raja Electronics Limited,,1-18/1/AMR /NR Nanakramguda Gachibowli,500033,Hyderabad,,,,592,ICRA,2C,A,0877 2265000,,,arel@amararaja.co.in,,,
48,Barontech,,"D2, 136, GeetaKrishna, Kootappuram, Thripunithura",682301,Kochi,,,,598,ICRA,4C,C,0484 2782970,,9995868803,marketing@barontech.in,,www.barontech.in,
49,Shivam Photovoltaic Pvt. Ltd.,,"Plot 188/B, Sector-3 Lane-3, Phase II D A, Cherlapally",500051,Hyderabad,,,,632,SMERA,1C,A,040 27265865,,,info@vegasolarenergy.com,,www.vegasolarenergy.com,
50,Index Informatics Systems Pvt. Ltd.,,HIG 25 Panampilly Nagar ,682336,Kochi,,,,634,ICRA,3D,C,0484 2320463,,,info@indexinformatics.com,,www.infoinformatics.com,
51,Akhand Jyoti Transmission Developers Ltd.,,"RZC-10/2A Street No. 21 Sadh Nagar II Palam, Dwarka",110045,New Delhi,,,,645,SMERA,3C,B,011 24510743,,,akhandjyotitdl@gmail.com,,,
52,Ecosoch Solar Pvt. Ltd.,,"1443, B Block, Railway Parlve Road, Shakara Nagar",560092,Bangalore,,,,665,CARE,5C,C,8971865219,,,,,,
53,Prfonroche Pvt. Ltd.,,"Flat no. 301, 3rd Floor, Neptune-2, Pali Hill Neptune, ChSl Nargis Dutt Road, Pali Hill, Bandra (West)",400050,Mumbai,,,,695,CARE,4C,C,022 65156842,,,abhishek.gaur@prgroup.co.in,,www.prgroup.in,
54,Optimal Power Synergy (I) Pvt. Ltd.,,"No. 197, 12th Main Road, 3rd Phase, Peenya Industrial Area",560058,Bangalore,,,,710,CRISIL,4A,C,080 42146844,,,,,,
55,Building Leaf Infratech Pvt. Ltd.,,Plot No. 49 Durga Nagar Colony Punjagutta,500028,Hyderabad,,,,728,FITCH,3B,B,040 66382277,,,info@buildingleafinfra.cpm,,www.buildingleafinfra.com,
56,PNS Systems Pvt. Ltd.,,131/C 18th B Main 9th Cross JP Nagar 2nd Phase,560078,Bangalore,,,,730,CARE,3E,C,080 26597912 ,,,sales@pnssystems.com,,www.pnssystems.com,
57,Gensai Energy Pvt. Ltd.,,"Plot no. 14/15, Jagat Society, Byramjee Town",440013,Nagpur,,,,737,CARE,4C,C,9595701145,,,info@gensaienergy.com,,www.gensaienergy.com,
58,Jal Vayu Enviro Systems Pvt. Ltd.,,"B 21/96, Bind Bhawan Kamachha",221010,Varanasi,,,,766,CRISIL,4C,C,0542 2451964,,,,,,
59,Kose Power Pvt. Ltd.,,6 Aditya Buglows Opp. Sal Hospital Near Surdhara Circle Thaltej,380054,Ahmedabad,,,,799,ICRA,3B,B,079 2686 1339,,,info@kosepower.com,,www.kosepower.com,
60,Mendor Renewable Energy Pvt. Ltd.,,D-1/3 Rana Pratap Bagh,110007,New Delhi,,,,802,CARE,2D,C,011 32323200,,,infor@medorsbiotech.com,,www.medorsbiotech.com,
61,Omni grid Micro power Company Pvt. Ltd.,,"201, Sumer Kendra P.B Marg Worli",400018,Mumbai,,,,805,CARE,2A,A,0124 4347120,,,info@omcpower.com,,www.omcpower.com,
62,Katyani Energy Solutions Pvt. Ltd.,,86 Arjun Nagar Kotla Miubarakpur,110081,New Delhi,,,,806,CARE,2D,C,011 246 13150,,,katyanienergy@gmail.com,,,
63,Ados Renewable Pvt. Ltd.,,"17, Samridhi Enclave, Kargi,",248001,Dehradun,,,,809,SMERA,2C,A,0135 6453620; 6452620,,,adosmail@rediffmail.com,,,
64,Hous tech (I) Pvt. Ltd.,,"No. 46 Second Floor Street No.1 Pratap Nagar, Mayur Vihar Phase –I",110091,New Delhi,,,,810,CARE,3E,C,011 43012893,,,houstec@hotmail.com,,,
65,Pragat Akshay Urja Ltd.,,Plot No. 41 sector 3 Bagdoon Industrial Area,454774,Dhar,,,,811,CARE,3C,B,07292 400384,,,info@pragatakshayurja.com,,www.pragatakshayurja.com,
66,Emergent Venture (I) Pvt. Ltd.,,"11th floor, Vatika Professional Point, Golf Course, Ex. Road Sector 66",122018,Gurgaon,,,,817,ICRA,3C,B,0124 6757991,,,contact@emergent-ventures.com,,www.emergent-ventures.com,
67,Boond Engineering & Development Pvt. Ltd.,,"105, Taj Apartment, 2 Factory Road Main Ring Road Safdurjung",110029,New Delhi,,,,829,CARE,2D,C,97117349377,,,rustams@boomd.net,,www.boond.net,
68,Vivaan Solar Pvt. Ltd.,,1 Bansal Office Nehru Colony Thatipur,474011,Gwalior,,,,836,FITCH,2B,A,9999055452,,,info@vivaansolar.com,,www.vivaansolar.com,
69,Renew Solar Pvt. Ltd.,,DlF Coporate Park 6th Floor Tower 4A Mehrauli- Gurgaon Road,122001,Gurgaon,,,,852,ICRA,1A,A,0124 4896670,,,info@renewpower.in,,www.renewpower.in,
70,Techser power Solutions PVt. Ltd.,,17/B Hootagalli Industrial Area Hootagalli,570018,Mysore,,,,867,ICRA,3B,B,0821 234499,,,bangalore@techser.com,,www.techser.com,
71,Tritonics (I) Pvt. Ltd. ,,"143, FIE Patparganj industrial Area Patpar Ganj",110092,New Delhi,,,,874,CRISIL,4A,C,011 42161100,,,mktg@tritronicsindia.com,,,
72,The Force for Rural Empowerment and Economic Development (FREED),,"128/18, Hazra Road",700026,Kolkata,,,,891,Registered Society,,,033 64526521/ 64506522,9830168269,9830220000,pynepfreed@gmail.com ; thefreed.org@gmail.com,,,
73,THA Tata power Company Ltd. Strategic Engineering Division,,"401, Mercantile House, 15- Kasturba Gandhi Marg",110001,New Delhi,,,,907,CRISIL,1A,A,,,,tatapoweresed@tatapoweresed.com,,www.tatapowersed.in,
